,start_time,end_time,line,value,duration,tracks,laugh_start,laugh_end,start_sec,end_sec
0,"00:00:07,716","00:00:10,677","Ladies and gentlemen, please welcome to the stage",0,0.0,,,,7.72,10.68
1,"00:00:10,760","00:00:12,262",Ali Wong!,0,0.0,,,,10.76,12.26
2,"00:00:15,015","00:00:16,891",<i>♪ What y'all thought</i> <i>Y'all wasn't gon' see me? ♪</i>,1,1.1300000000000008,"#1, ","15.81, ","16.94, ",15.02,16.89
3,"00:00:16,975","00:00:18,768",<i>♪ I'm the Osirus of this shit ♪</i>,1,2.6400000000000006,"#2, ","18.06, ","20.7, ",16.98,18.77
4,"00:00:19,602","00:00:22,439","<i>♪ Wu-Tang is here forever, motherfuckers ♪</i>",0,0.0,,,,19.6,22.44
5,"00:00:22,772","00:00:24,524",<i>♪ It's like this ninety-seven ♪</i>,1,9.629999999999999,"#3, ","23.52, ","33.15, ",22.77,24.52
6,"00:00:24,774","00:00:27,402",<i>♪ Aight my niggas and my niggarettes ♪</i>,0,0.0,,,,24.77,27.4
7,"00:00:27,485","00:00:28,695",<i>♪ Let's do it like this ♪</i>,0,0.0,,,,27.48,28.7
8,"00:00:28,778","00:00:30,947",<i>♪ I'ma rub your ass in the moonshine ♪</i>,0,0.0,,,,28.78,30.95
9,"00:00:31,031","00:00:33,533",<i>♪ Let's take it back to seventy-nine ♪</i>,0,0.0,,,,31.03,33.53
10,"00:00:33,616","00:00:34,951",<i>♪ I bomb atomically ♪</i>,1,1.1899999999999977,"#4, ","34.25, ","35.44, ",33.62,34.95
11,"00:00:35,035","00:00:36,995",<i>♪ Socrates' philosophies and hypotheses ♪</i>,0,0.0,,,,35.03,36.99
12,"00:00:37,078","00:00:39,748",<i>♪ Can't define</i> <i>How I be droppin' these mockeries ♪</i>,1,1.5500000000000043,"#5, ","39.22, ","40.77, ",37.08,39.75
13,"00:00:39,831","00:00:41,583",<i>♪ Lyrically perform armed robbery ♪</i>,0,0.0,,,,39.83,41.58
14,"00:00:41,666","00:00:44,210",<i>♪ Flee with the lottery</i> <i>Possibly they spotted me ♪</i>,1,2.9100000000000037,"#6, ","41.79, ","44.7, ",41.67,44.21
15,"00:00:44,294","00:00:45,587",<i>♪ Battle-scarred shogun ♪</i>,0,0.0,,,,44.29,45.59
16,"00:00:45,670","00:00:47,297",<i>♪ Explosion when my pen hits ♪</i>,1,1.6700000000000017,"#7, ","47.0, ","48.67, ",45.67,47.3
17,"00:00:47,380","00:00:49,549","Oh, my goodness!",0,0.0,,,,47.38,49.55
18,"00:00:50,675","00:00:53,344",I heard a rumor,0,0.0,,,,50.67,53.34
19,"00:00:53,428","00:00:58,058",that all of the Asians in this city...,0,0.0,,,,53.43,58.06
20,"00:00:59,642","00:01:03,146",have congregated in this theater tonight.,1,4.030000000000008,"#8, ","62.76, ","66.79, ",59.64,63.15
21,"00:01:05,231","00:01:06,066",Yeah.,1,0.7299999999999898,"#9, ","68.54, ","69.27, ",65.23,66.07
22,"00:01:09,027","00:01:11,863",Thank you for coming with your white boyfriends.,0,0.0,,,,69.03,71.86
23,"00:01:11,946","00:01:12,947",I really...,1,1.6800000000000068,"#10, ","72.38, ","74.06, ",71.95,72.95
24,"00:01:14,032","00:01:17,368","appreciate it, from the bottom of my heart.",0,0.0,,,,74.03,77.37
25,"00:01:21,414","00:01:22,832",I'm so excited to be here.,0,0.0,,,,81.41,82.83
26,"00:01:22,916","00:01:27,420",I have not been performing that much,0,0.0,,,,82.92,87.42
27,"00:01:27,962","00:01:31,257","at all, in the past two years,",0,0.0,,,,87.96,91.26
28,"00:01:31,341","00:01:35,970","because two years ago, I gave birth to a baby girl.",1,6.3799999999999955,"#11, ","96.26, ","102.64, ",91.34,95.97
29,"00:01:42,018","00:01:47,357","And when I first started to come back out to do stand-up,",0,0.0,,,,102.02,107.36
30,"00:01:47,732","00:01:50,193","the other stand-up comics, they couldn't believe it.",0,0.0,,,,107.73,110.19
31,"00:01:50,276","00:01:52,195","They were like, ""Oh, my God, Ali...",0,0.0,,,,110.28,112.19
32,"00:01:54,030","00:01:55,323","""What are you doing here?",1,1.4500000000000028,"#12, ","115.46, ","116.91, ",114.03,115.32
33,"00:01:57,617","00:02:00,203","""Didn't you just have a baby?""",0,0.0,,,,117.62,120.2
34,"00:02:01,913","00:02:03,206","I was like, ""Listen...",0,0.0,,,,121.91,123.21
35,"00:02:03,832","00:02:07,127","I've been with my baby girl since she was born,",0,0.0,,,,123.83,127.13
36,"00:02:08,586","00:02:10,588",all day every day.,1,1.460000000000008,"#13, ","130.26, ","131.72, ",128.59,130.59
37,"00:02:11,923","00:02:16,136",And I love her so much.,1,1.1299999999999955,"#14, ","135.66, ","136.79, ",131.92,136.14
38,"00:02:18,138","00:02:22,142",But I'm on the verge of putting her in the garbage.,1,6.890000000000015,"#15, ","141.88, ","148.77, ",138.14,142.14
39,"00:02:31,568","00:02:33,611","I need to be here to miss her,",1,1.3799999999999955,"#16, ","153.71, ","155.09, ",151.57,153.61
40,"00:02:35,780","00:02:38,074","so that I don't go to jail.""",0,0.0,,,,155.78,158.07
41,"00:02:42,829","00:02:45,123","It's so sexist when people ask me,",0,0.0,,,,162.83,165.12
42,"00:02:45,206","00:02:49,210","""Well, if you're here, then who's taking care of the baby?""",1,1.4399999999999977,"#17, ","170.99, ","172.43, ",165.21,169.21
43,"00:02:53,840","00:02:58,052",Who the fuck do you think is taking care of the baby?,2,2.7799999999999727,"#18, #19, ","176.9, 180.77, ","178.85, 181.6, ",173.84,178.05
44,"00:03:04,684","00:03:07,061","The TV is taking care of the baby, okay",1,7.3700000000000045,"#20, ","185.94, ","193.31, ",184.68,187.06
45,"00:03:09,606","00:03:13,193","The windows are open, she's got gummy vitamins on her lap, she's fine!",0,0.0,,,,189.61,193.19
46,"00:03:16,529","00:03:19,199","I tried being a stay-at-home mom,",0,0.0,,,,196.53,199.2
47,"00:03:20,283","00:03:22,327",for eight weeks.,1,1.6100000000000136,"#21, ","201.92, ","203.53, ",200.28,202.33
48,"00:03:25,205","00:03:26,873",I like the stay-at-home part.,1,1.3499999999999943,"#22, ","207.1, ","208.45, ",205.21,206.87
49,"00:03:32,420","00:03:36,507","Not too crazy about the mom aspect, that shit is relentless.",1,0.839999999999975,"#23, ","216.8, ","217.64, ",212.42,216.51
50,"00:03:38,635","00:03:42,513","I was stupid and naive, and I thought that being a stay-at-home mom",0,0.0,,,,218.63,222.51
51,"00:03:42,597","00:03:46,893","was about chillaxing, getting to shit in your own home,",2,1.9299999999999784,"#24, #25, ","222.86, 227.19, ","224.26, 227.72, ",222.6,226.89
52,"00:03:47,894","00:03:51,856",watch <i>Wendy Williams</i> and go out to brunch with your sassy girlfriends.,1,1.1699999999999875,"#26, ","231.87, ","233.04, ",227.89,231.86
53,"00:03:55,235","00:03:56,819",I did not understand,0,0.0,,,,235.24,236.82
54,"00:03:56,903","00:04:00,114",that the whole price you have to pay for staying at home,0,0.0,,,,236.9,240.11
55,"00:04:00,198","00:04:02,700",is that you've gotta be a mom.,1,1.2199999999999989,"#27, ","242.8, ","244.02, ",240.2,242.7
56,"00:04:03,868","00:04:05,995","Oh, and that's a job.",0,0.0,,,,243.87,246.0
57,"00:04:07,247","00:04:08,873",It's a wack-ass job.,1,0.789999999999992,"#28, ","249.16, ","249.95, ",247.25,248.87
58,"00:04:10,208","00:04:13,836","You get no 401K, no co-workers.",0,0.0,,,,250.21,253.84
59,"00:04:13,920","00:04:17,882",You're just in solitary confinement all day long,0,0.0,,,,253.92,257.88
60,"00:04:17,966","00:04:19,884",with this human Tamagotchi...,1,2.8999999999999773,"#29, ","258.88, ","261.78, ",257.97,259.88
61,"00:04:23,096","00:04:26,933","that don't got no reset button, so the stakes are extremely high.",1,1.1499999999999773,"#30, ","266.67, ","267.82, ",263.1,266.93
62,"00:04:34,482","00:04:38,903",A toy Tamagotchi is more communicative than a human baby.,0,0.0,,,,274.48,278.9
63,"00:04:39,529","00:04:44,242",Okay? Because the toy will at least tell you when it poos.,0,0.0,,,,279.53,284.24
64,"00:04:44,325","00:04:47,120","With a human baby, you just have to guess",0,0.0,,,,284.32,287.12
65,"00:04:47,203","00:04:51,666",and check your intuition by sniffing its ass...,1,1.8899999999999864,"#31, ","290.54, ","292.43, ",287.2,291.67
66,"00:04:53,960","00:04:55,336",twenty-six times a day.,0,0.0,,,,293.96,295.34
67,"00:04:55,420","00:04:57,964",And you can't phone it in and sniff it from afar.,0,0.0,,,,295.42,297.96
68,"00:04:58,047","00:05:03,052","You really gotta flip the baby over, plant your face in the baby's ass",0,0.0,,,,298.05,303.05
69,"00:05:03,136","00:05:06,889","and give it a good yoga inhale with your mouth and everything,",0,0.0,,,,303.14,306.89
70,"00:05:06,973","00:05:10,476",because the inside of your nose has been singed from all the poo-poo smelling.,1,1.0399999999999636,"#32, ","311.3, ","312.34, ",306.97,310.48
71,"00:05:15,648","00:05:21,446",That's how I know I love my baby more than anybody else in the entire world.,0,0.0,,,,315.65,321.45
72,"00:05:21,529","00:05:25,408","I told my husband ""Till death do us part.""",0,0.0,,,,321.53,325.41
73,"00:05:26,492","00:05:28,745",And not once have I ever...,0,0.0,,,,326.49,328.75
74,"00:05:30,163","00:05:32,623",sniffed his ass...,1,1.9699999999999704,"#33, ","332.31, ","334.28, ",330.16,332.62
75,"00:05:37,795","00:05:41,174",to check if he shit his pants.,3,2.6900000000000546,"#34, #35, #36, ","340.07, 341.7, 346.13, ","341.01, 342.36, 347.22, ",337.8,341.17
76,"00:05:46,346","00:05:48,431","I've licked it, but I haven't sniffed it.",2,8.989999999999952,"#37, #38, ","347.74, 356.07, ","355.71, 357.09, ",346.35,348.43
77,"00:05:56,981","00:06:00,943",Because sniffing it would be disgusting! Okay?,1,2.1200000000000045,"#39, ","359.51, ","361.63, ",356.98,360.94
78,"00:06:01,027","00:06:05,323","And if you haven't licked ass yet, grow up. Grow the fuck up.",1,2.7900000000000205,"#40, ","365.0, ","367.79, ",361.03,365.32
79,"00:06:06,324","00:06:09,160","And learn how to be in a long-term, committed,",0,0.0,,,,366.32,369.16
80,"00:06:09,410","00:06:11,996",lasting<i> </i>relationship full of love,0,0.0,,,,369.41,372.0
81,"00:06:12,080","00:06:15,124",where you have to make sacrifices for the greater good.,1,1.8000000000000114,"#41, ","374.12, ","375.92, ",372.08,375.12
82,"00:06:24,759","00:06:29,889","My dream, my goal for the longest time was to be a trophy wife,",0,0.0,,,,384.76,389.89
83,"00:06:30,890","00:06:34,727","but then I found out that in order to be a trophy wife,",0,0.0,,,,390.89,394.73
84,"00:06:35,228","00:06:37,563",you have to be a trophy.,0,0.0,,,,395.23,397.56
85,"00:06:40,108","00:06:42,693",I am more of a commemorative plaque.,1,2.180000000000007,"#42, ","402.54, ","404.72, ",400.11,402.69
86,"00:06:48,366","00:06:52,036",I joined a moms' group in Los Angeles.,0,0.0,,,,408.37,412.04
87,"00:06:52,870","00:06:58,960","Yeah, I don't find any of these bitches particularly interesting or fun,",0,0.0,,,,412.87,418.96
88,"00:06:59,043","00:07:01,879","but when you're a new mom on maternity leave,",0,0.0,,,,419.04,421.88
89,"00:07:01,963","00:07:03,381","it's like <i>The Walking Dead,</i>",0,0.0,,,,421.96,423.38
90,"00:07:03,464","00:07:06,759",you just gotta hook up with a crew to survive.,1,1.509999999999991,"#43, ","426.88, ","428.39, ",423.46,426.76
91,"00:07:12,473","00:07:16,519",I used to hate on other moms for the clothes that they wore.,0,0.0,,,,432.47,436.52
92,"00:07:16,602","00:07:18,855","You know these fucking clothes that moms wear,",0,0.0,,,,436.6,438.86
93,"00:07:18,938","00:07:22,358",all that cheesy-ass animal print and...,0,0.0,,,,438.94,442.36
94,"00:07:22,900","00:07:26,195",loud metallic shiny shoes.,1,0.6999999999999886,"#44, ","443.55, ","444.25, ",442.9,446.19
95,"00:07:27,530","00:07:33,494","And now I see something that's bedazzled in rhinestones, and I'm like, ""Oh...",0,0.0,,,,447.53,453.49
96,"00:07:34,078","00:07:35,288",That looks nice.,1,3.319999999999993,"#45, ","455.32, ","458.64, ",454.08,455.29
97,"00:07:36,831","00:07:38,249","I think I'ma get that!""",0,0.0,,,,456.83,458.25
98,"00:07:39,417","00:07:41,002","The more glitter the better,",0,0.0,,,,459.42,461.0
99,"00:07:41,085","00:07:44,922",because when you're a mom you need sparkle,0,0.0,,,,461.08,464.92
100,"00:07:47,008","00:07:50,970",to compensate for the light inside of you that has died.,2,6.039999999999964,"#46, #47, ","471.06, 473.97, ","472.71, 478.36, ",467.01,470.97
101,"00:07:59,228","00:08:04,192",A lot of young women have anxiety about giving birth.,0,0.0,,,,479.23,484.19
102,"00:08:05,067","00:08:06,694","Well, let me tell you something.",0,0.0,,,,485.07,486.69
103,"00:08:08,196","00:08:11,449",Giving birth ain't nothing,0,0.0,,,,488.2,491.45
104,"00:08:12,200","00:08:14,494",compared to breastfeeding!,1,1.4699999999999704,"#48, ","494.43, ","495.9, ",492.2,494.49
105,"00:08:16,496","00:08:20,666",Breastfeeding is brutal. It is chronic physical torture.,0,0.0,,,,496.5,500.67
106,"00:08:20,750","00:08:24,629","I thought it was supposed to be this beautiful bonding ceremony,",0,0.0,,,,500.75,504.63
107,"00:08:24,754","00:08:29,133",where I would feel like I was sitting on a lily pad in a meadow,0,0.0,,,,504.75,509.13
108,"00:08:29,217","00:08:31,969",and bunnies would gather at my feet,0,0.0,,,,509.22,511.97
109,"00:08:32,053","00:08:33,846",while the fat Hawaiian man version,0,0.0,,,,512.05,513.85
110,"00:08:33,930","00:08:35,890","of ""Somewhere Over the Rainbow"" would play.",0,0.0,,,,513.93,515.89
111,"00:08:42,980","00:08:43,814",No!,1,1.5100000000001046,"#49, ","523.56, ","525.07, ",522.98,523.81
112,"00:08:44,815","00:08:46,651",It's not like that at all!,0,0.0,,,,524.82,526.65
113,"00:08:46,734","00:08:49,362",Breastfeeding is this savage ritual,0,0.0,,,,526.73,529.36
114,"00:08:49,445","00:08:53,115",that just reminds you that your body is a cafeteria now!,1,1.1599999999999682,"#50, ","533.46, ","534.62, ",529.45,533.12
115,"00:08:54,951","00:08:57,328",It don't belong to you no more.,0,0.0,,,,534.95,537.33
116,"00:08:58,829","00:09:00,957","When my baby girl would get hungry<i>,</i>",0,0.0,,,,538.83,540.96
117,"00:09:01,040","00:09:03,834",she'd yank my nipple back and forth,0,0.0,,,,541.04,543.83
118,"00:09:03,918","00:09:07,755",like that bear fucking up Leonardo DiCaprio in <i>The Revenant</i>.,1,1.0799999999999272,"#51, ","549.59, ","550.67, ",543.92,547.75
119,"00:09:10,174","00:09:11,842","It's frightening. I saw that movie,",0,0.0,,,,550.17,551.84
120,"00:09:11,926","00:09:14,554","and my nipples were like, ""I feel you, Leo!""",1,1.5299999999999727,"#52, ","554.1, ","555.63, ",551.93,554.55
121,"00:09:22,103","00:09:24,897","I didn't take any classes on breastfeeding,",0,0.0,,,,562.1,564.9
122,"00:09:24,981","00:09:30,027",because I assumed it was just gonna be this very easy intuitive thing,0,0.0,,,,564.98,570.03
123,"00:09:30,111","00:09:33,823","where the baby sucks on your nipple like a straw,",0,0.0,,,,570.11,573.82
124,"00:09:33,906","00:09:35,700",and the nurse promised me,0,0.0,,,,573.91,575.7
125,"00:09:35,783","00:09:38,244","that I would have a particularly easy time,",0,0.0,,,,575.78,578.24
126,"00:09:38,661","00:09:40,955",since my nipples look like fingers.,2,4.6299999999999955,"#53, #54, ","580.97, 584.16, ","583.42, 586.34, ",578.66,580.96
127,"00:09:46,335","00:09:48,379","You can spin DVDs on them,",0,0.0,,,,586.34,588.38
128,"00:09:48,462","00:09:51,591",that's how Command hook-like they are.,2,2.6399999999999864,"#55, #56, ","589.12, 593.46, ","591.14, 594.08, ",588.46,591.59
129,"00:09:58,639","00:10:03,394","But apparently, you have to get the baby to latch on at a very specific angle.",0,0.0,,,,598.64,603.39
130,"00:10:03,477","00:10:08,190",You gotta tilt their head and do geometry to get them on properly.,0,0.0,,,,603.48,608.19
131,"00:10:08,274","00:10:09,483","And it's very stressful,",0,0.0,,,,608.27,609.48
132,"00:10:09,567","00:10:11,986","because when they're hungry and they're crying,",0,0.0,,,,609.57,611.99
133,"00:10:12,069","00:10:16,157","it makes your hormones spray milk all over their face and their neck,",0,0.0,,,,612.07,616.16
134,"00:10:16,240","00:10:18,367","which then become very slippery and hard to grip<i>,</i>",0,0.0,,,,616.24,618.37
135,"00:10:18,451","00:10:21,746",and then you gotta slam them on at just the right time.,0,0.0,,,,618.45,621.75
136,"00:10:21,829","00:10:25,166","And every time I would do it, it was like parallel parking.",1,1.0899999999999181,"#57, ","624.95, ","626.04, ",621.83,625.17
137,"00:10:25,249","00:10:26,584",I don't know how I did it!,0,0.0,,,,625.25,626.58
138,"00:10:29,045","00:10:32,006","It's a mystery. I was never properly trained, but I just did it.",0,0.0,,,,629.04,632.01
139,"00:10:32,089","00:10:36,385","I just went back and forth, and back and forth, and back and forth,",0,0.0,,,,632.09,636.38
140,"00:10:36,469","00:10:41,098",until all these very concerned strangers start gathering outside of my car.,4,11.470000000000027,"#58, #59, #60, #61, ","640.02, 647.09, 651.1, 656.41, ","645.79, 649.19, 654.08, 657.03, ",636.47,641.1
141,"00:10:59,200","00:11:02,703",Those people who gather outside of Asian women's cars,0,0.0,,,,659.2,662.7
142,"00:11:02,787","00:11:03,829",while we're parking...,1,1.330000000000041,"#62, ","663.91, ","665.24, ",662.79,663.83
143,"00:11:05,581","00:11:08,959",are so helpful and so racist at the same time.,1,1.5299999999999727,"#63, ","668.61, ","670.14, ",665.58,668.96
144,"00:11:12,588","00:11:16,384","I'm always like, ""Thank you. Thank you, but fuck you...",1,1.2699999999999818,"#64, ","676.44, ","677.71, ",672.59,676.38
145,"00:11:18,678","00:11:20,638",for assuming correctly about me!,1,0.6399999999999864,"#65, ","683.39, ","684.03, ",678.68,680.64
146,"00:11:23,808","00:11:25,810","I could not have done this without you!""",2,2.7799999999999727,"#66, #67, ","685.85, 687.94, ","686.38, 690.19, ",683.81,685.81
147,"00:11:33,317","00:11:37,947",My mom saw me struggle with breastfeeding,0,0.0,,,,693.32,697.95
148,"00:11:38,030","00:11:41,283","and she was very<i> </i>discouraging about it,",0,0.0,,,,698.03,701.28
149,"00:11:41,367","00:11:44,662","and she was like, ""Why are you breastfeeding?",0,0.0,,,,701.37,704.66
150,"00:11:45,162","00:11:49,208","I raised you on formula and look how shiny your hair is.""",1,1.75,"#68, ","709.2, ","710.95, ",705.16,709.21
151,"00:11:53,921","00:11:57,800","She was like, ""Are you falling for that bullshit slogan,",0,0.0,,,,713.92,717.8
152,"00:11:58,092","00:11:59,802","'breast is best'?""",1,0.6100000000000136,"#69, ","720.21, ","720.82, ",718.09,719.8
153,"00:12:01,929","00:12:03,222","I was like, ""No...",0,0.0,,,,721.93,723.22
154,"00:12:03,431","00:12:06,308",I do it because breast is free.,2,4.310000000000059,"#70, #71, ","726.49, 728.89, ","728.49, 731.2, ",723.43,726.31
155,"00:12:11,272","00:12:13,524","Come on, Mom, you know what it is.",1,1.1399999999999864,"#72, ","733.29, ","734.43, ",731.27,733.52
156,"00:12:15,067","00:12:19,238","Local, organic, free-range, farm-to-mouth milk",0,0.0,,,,735.07,739.24
157,"00:12:19,321","00:12:20,781","squirting outta my titties.""",1,0.6399999999999864,"#73, ","739.91, ","740.55, ",739.32,740.78
158,"00:12:20,865","00:12:23,909","It was squirting out of like 15 holes in each titty,",0,0.0,,,,740.87,743.91
159,"00:12:23,993","00:12:25,745","like the Bellagio fountain, just, ""Woo. Woo, woo, woo.",1,1.3999999999999773,"#74, ","745.88, ","747.28, ",743.99,745.75
160,"00:12:27,663","00:12:29,874","Woo, woo, woo.""",0,0.0,,,,747.66,749.87
161,"00:12:32,376","00:12:33,377",For free!,0,0.0,,,,752.38,753.38
162,"00:12:34,170","00:12:36,464",My body was a food factory.,0,0.0,,,,754.17,756.46
163,"00:12:37,006","00:12:40,134",I wasn't about to let that all go to waste.,0,0.0,,,,757.01,760.13
164,"00:12:41,010","00:12:43,554",If you shat juicy hamburgers...,2,5.400000000000091,"#75, #76, ","763.71, 766.42, ","765.71, 769.82, ",761.01,763.55
165,"00:12:50,352","00:12:53,814",would you ever wait in line at In,1,0.5199999999999818,"#77, ","774.19, ","774.71, ",770.35,773.81
166,"00:12:55,524","00:12:59,570","No, you would pop a squat over your husband's head every morning",1,1.490000000000009,"#78, ","779.04, ","780.53, ",775.52,779.57
167,"00:13:01,530","00:13:03,741",and tell him to open wide...,1,0.9599999999999227,"#79, ","783.7, ","784.66, ",781.53,783.74
168,"00:13:06,410","00:13:08,454",because breakfast is on the way...,1,1.2700000000000955,"#80, ","788.42, ","789.69, ",786.41,788.45
169,"00:13:11,081","00:13:12,416",animal style.,1,2.57000000000005,"#81, ","792.53, ","795.1, ",791.08,792.42
170,"00:13:13,667","00:13:16,212","Yeah, you'd be like, ""I got your secret menu right here.""",1,4.919999999999959,"#82, ","795.64, ","800.56, ",793.67,796.21
171,"00:13:17,338","00:13:19,381","♪<i> Work, work, work, work, work</i> ♪",0,0.0,,,,797.34,799.38
172,"00:13:28,349","00:13:32,728",I had to stop breastfeeding after eight and a half months.,0,0.0,,,,808.35,812.73
173,"00:13:32,978","00:13:34,939",I could not take it anymore<i>.</i>,0,0.0,,,,812.98,814.94
174,"00:13:35,356","00:13:37,733","By the end, I felt like <i>The Giving Tree</i>.",0,0.0,,,,815.36,817.73
175,"00:13:39,235","00:13:43,781",I used to not<i> </i>understand what that depressing-ass book was about.,1,0.5799999999999272,"#83, ","824.22, ","824.8, ",819.24,823.78
176,"00:13:44,865","00:13:47,284",And now I know it's about breastfeeding!,1,1.2999999999999545,"#84, ","827.38, ","828.68, ",824.87,827.28
177,"00:13:48,786","00:13:55,167","It's about a mom who used to have all of these beautiful branches and apples,",0,0.0,,,,828.79,835.17
178,"00:13:55,251","00:13:59,129","and then this little freeloader comes into her life,",0,0.0,,,,835.25,839.13
179,"00:13:59,213","00:14:00,965","takes all of her shit,",0,0.0,,,,839.21,840.97
180,"00:14:01,048","00:14:03,467",and then she just becomes a sad-ass tree stump,0,0.0,,,,841.05,843.47
181,"00:14:03,551","00:14:05,135",with deflated titties!,1,1.2999999999999545,"#85, ","844.98, ","846.28, ",843.55,845.13
182,"00:14:10,140","00:14:12,184","People kept on asking me,",0,0.0,,,,850.14,852.18
183,"00:14:12,268","00:14:16,021","""Ali, how did you get so skinny after the baby?""",0,0.0,,,,852.27,856.02
184,"00:14:16,105","00:14:18,274",She sucked the life outta me!,1,2.589999999999918,"#86, ","856.71, ","859.3, ",856.11,858.27
185,"00:14:23,195","00:14:26,365","As it turns out, breastfeeding is not free",0,0.0,,,,863.2,866.37
186,"00:14:26,448","00:14:30,452",because you have to buy all of these pillows and pumps,0,0.0,,,,866.45,870.45
187,"00:14:30,536","00:14:32,496","to support your breastfeeding,",0,0.0,,,,870.54,872.5
188,"00:14:32,580","00:14:35,916",and then you might get a clogged duct.,0,0.0,,,,872.58,875.92
189,"00:14:36,166","00:14:40,087","That's when you get like a traffic jam kidney stone in your titty,",0,0.0,,,,876.17,880.09
190,"00:14:40,921","00:14:44,008",and then you have to call a lactation consultant.,0,0.0,,,,880.92,884.01
191,"00:14:44,425","00:14:48,679","A lactation consultant is a white NPR listener with dreadlocks,",2,2.32000000000005,"#87, #88, ","888.73, 891.88, ","890.35, 892.58, ",884.42,888.68
192,"00:14:52,224","00:14:53,434","named Indigo,",1,1.1200000000000045,"#89, ","893.48, ","894.6, ",892.22,893.43
193,"00:14:54,643","00:14:56,770",that you have to pay $200,0,0.0,,,,894.64,896.77
194,"00:14:56,854","00:15:00,065",to rush over to your house and Roto-Rooter your titty.,0,0.0,,,,896.85,900.07
195,"00:15:01,442","00:15:04,236","Indigo had me do push-ups,",0,0.0,,,,901.44,904.24
196,"00:15:04,320","00:15:08,657","dipping my titty in and out of a bowl of scalding hot water,",0,0.0,,,,904.32,908.66
197,"00:15:09,074","00:15:12,119",and then beat my titty like this in the interim.,1,1.8099999999999454,"#90, ","911.61, ","913.42, ",909.07,912.12
198,"00:15:15,915","00:15:19,001",This is why women need maternity leave.,1,4.910000000000082,"#91, ","919.16, ","924.07, ",915.91,919.0
199,"00:15:24,214","00:15:26,842",In every other First World country--,0,0.0,,,,924.21,926.84
200,"00:15:26,926","00:15:30,220","Canada, France, Germany--",0,0.0,,,,926.93,930.22
201,"00:15:30,304","00:15:34,475",women get up to three years off paid maternity leave,0,0.0,,,,930.3,934.48
202,"00:15:34,558","00:15:36,060",when they have a new baby.,0,0.0,,,,934.56,936.06
203,"00:15:36,143","00:15:38,979","In the US, we get jack shit.",0,0.0,,,,936.14,938.98
204,"00:15:39,063","00:15:42,983","In the US, there is zero federal policy for maternity leave.",0,0.0,,,,939.06,942.98
205,"00:15:43,067","00:15:46,528",Maternity leave is not just to bond with the baby.,0,0.0,,,,943.07,946.53
206,"00:15:46,612","00:15:47,780",Fuck the baby!,1,1.0399999999999636,"#92, ","947.75, ","948.79, ",946.61,947.78
207,"00:15:50,032","00:15:55,329",Maternity leave is for new moms to hide and heal their demolished-ass bodies!,1,8.230000000000018,"#93, ","954.72, ","962.95, ",950.03,955.33
208,"00:16:02,127","00:16:05,756","I couldn't go back to work topless beating my wet titty,",0,0.0,,,,962.13,965.76
209,"00:16:05,839","00:16:08,676",trying to establish dominance over all my coworkers.,1,0.9900000000000091,"#94, ","969.71, ","970.7, ",965.84,968.68
210,"00:16:09,718","00:16:10,886",You'd get fired!,1,0.6599999999999682,"#95, ","973.98, ","974.64, ",969.72,970.89
211,"00:16:15,891","00:16:18,727",People don't tell you about all the crazy shit,0,0.0,,,,975.89,978.73
212,"00:16:18,811","00:16:22,898","that goes down when you get pregnant, when you give birth<i>.</i>",0,0.0,,,,978.81,982.9
213,"00:16:22,982","00:16:23,983","When I was pregnant,",0,0.0,,,,982.98,983.98
214,"00:16:24,066","00:16:27,486","a lot of other moms had highly recommended to me,",0,0.0,,,,984.07,987.49
215,"00:16:27,569","00:16:33,826","""Ali, now you make sure at the hospital to steal a bunch of the free diapers.""",1,1.1599999999999682,"#96, ","993.85, ","995.01, ",987.57,993.83
216,"00:16:36,537","00:16:38,414","""Yeah, duh, I know for the baby.""",0,0.0,,,,996.54,998.41
217,"00:16:38,497","00:16:41,792","""No. For you...""",1,1.0299999999999727,"#97, ","1001.44, ","1002.47, ",998.5,1001.79
218,"00:16:49,216","00:16:51,927","""For me? What the fuck do I need diapers for?""",0,0.0,,,,1009.22,1011.93
219,"00:16:53,846","00:16:55,431","""Oh, you'll see...""",1,1.75,"#98, ","1015.24, ","1016.99, ",1013.85,1015.43
220,"00:16:58,851","00:17:00,853","Winter is coming.""",2,8.93999999999994,"#99, #100, ","1020.5, 1022.63, ","1022.51, 1029.56, ",1018.85,1020.85
221,"00:17:09,319","00:17:11,488",And indeed I did see!,0,0.0,,,,1029.32,1031.49
222,"00:17:12,156","00:17:14,658",Nobody told me about all the crazy shit that comes out of your pussy after you give birth.,1,0.6299999999998818,"#101, ","1036.22, ","1036.85, ",1032.16,1034.66
223,"00:17:17,327","00:17:19,872",You know what happens after the baby comes out?,0,0.0,,,,1037.33,1039.87
224,"00:17:19,955","00:17:21,415",You know what else exits?,0,0.0,,,,1039.95,1041.41
225,"00:17:22,916","00:17:24,168",Her house.,2,5.730000000000018,"#102, #103, ","1044.07, 1048.98, ","1047.26, 1051.52, ",1042.92,1044.17
226,"00:17:29,006","00:17:31,467","Her living room, her pillows...",0,0.0,,,,1049.01,1051.47
227,"00:17:32,009","00:17:33,635",the Bob Marley poster...,0,0.0,,,,1052.01,1053.63
228,"00:17:34,636","00:17:38,974",all the food that went bad in her refrigerator... for months!,0,0.0,,,,1054.64,1058.97
229,"00:17:39,058","00:17:42,519",So then you have to wear this cartoonishly large pad.,0,0.0,,,,1059.06,1062.52
230,"00:17:42,603","00:17:45,230","that's like the size of a toddler mattress,",0,0.0,,,,1062.6,1065.23
231,"00:17:45,314","00:17:49,860",and it's only held up by the strength of this mesh fishnet underwear,0,0.0,,,,1065.31,1069.86
232,"00:17:49,943","00:17:53,363",that's exclusively available at the hospital.,0,0.0,,,,1069.94,1073.36
233,"00:17:53,447","00:17:56,450","You can't get that shit on Amazon or anything,",0,0.0,,,,1073.45,1076.45
234,"00:17:56,533","00:17:58,994",so you gotta snatch that shit every day.,0,0.0,,,,1076.53,1078.99
235,"00:18:00,037","00:18:04,500",It's made out of the same material that they package fancy Korean pears in.,2,9.0,"#104, #105, ","1082.08, 1084.71, ","1082.73, 1093.06, ",1080.04,1084.5
236,"00:18:12,800","00:18:14,760","It's very <i>Dac Biet</i>, okay?",0,0.0,,,,1092.8,1094.76
237,"00:18:15,552","00:18:19,014",Number one extra large <i>Dac Biet</i> hospital underwear.,1,0.9200000000000728,"#106, ","1100.0, ","1100.92, ",1095.55,1099.01
238,"00:18:23,519","00:18:25,896","For three months, I was walking around my house",0,0.0,,,,1103.52,1105.9
239,"00:18:25,979","00:18:29,316","with a top knot, giant diaper, nipples bleeding.",1,1.3299999999999272,"#107, ","1109.64, ","1110.97, ",1105.98,1109.32
240,"00:18:30,901","00:18:32,778",Like a defeated sumo wrestler.,2,1.949999999999818,"#108, #109, ","1112.92, 1122.51, ","1114.36, 1123.02, ",1110.9,1112.78
241,"00:18:42,538","00:18:46,708",I had a C-section. Yeah.,0,0.0,,,,1122.54,1126.71
242,"00:18:46,792","00:18:50,420","Which was not the original intention,",0,0.0,,,,1126.79,1130.42
243,"00:18:50,504","00:18:56,677",but I was having contractions for 24 hours. Yeah.,0,0.0,,,,1130.5,1136.68
244,"00:18:56,760","00:19:00,264","And then I was like, ""Cut it out.""",1,2.769999999999982,"#110, ","1139.35, ","1142.12, ",1136.76,1140.26
245,"00:19:04,977","00:19:07,020","The nurse was like, ""Keep going.""",0,0.0,,,,1144.98,1147.02
246,"00:19:07,104","00:19:09,982","I was like, ""Bitch, I said cut it out. <i>♪ Your price is way too high</i> <i>You need to cut it ♪</i>",0,0.0,,,,1147.1,1149.98
247,"00:19:13,026","00:19:15,863","♪ <i>Cut it, cut it, you need to cut it </i>♪",1,1.0700000000001637,"#111, ","1155.36, ","1156.43, ",1153.03,1155.86
248,"00:19:21,743","00:19:24,329","The nurse was not a big hip hop fan, so...",1,1.0399999999999636,"#112, ","1164.26, ","1165.3, ",1161.74,1164.33
249,"00:19:25,330","00:19:29,168",she did not appreciate that or my Dave Coulier reference.,0,0.0,,,,1165.33,1169.17
250,"00:19:31,545","00:19:35,048","Look, a C",0,0.0,,,,1171.55,1175.05
251,"00:19:35,132","00:19:37,634",It is major surgery.,0,0.0,,,,1175.13,1177.63
252,"00:19:37,718","00:19:39,678",But it's very fast.,0,0.0,,,,1177.72,1179.68
253,"00:19:39,761","00:19:42,472","They put the anesthesia in your back,",0,0.0,,,,1179.76,1182.47
254,"00:19:42,556","00:19:45,017",and then they put up this curtain,0,0.0,,,,1182.56,1185.02
255,"00:19:45,100","00:19:49,229",so that your husband can only see your human side,0,0.0,,,,1185.1,1189.23
256,"00:19:49,313","00:19:52,357",and not your cadaver side.,0,0.0,,,,1189.31,1192.36
257,"00:19:56,361","00:19:58,030","And then ten minutes later,",0,0.0,,,,1196.36,1198.03
258,"00:19:58,113","00:20:02,075",they hold the baby above the curtain like bloody Simba and it's over.,1,1.4600000000000364,"#113, ","1203.95, ","1205.41, ",1198.11,1202.08
259,"00:20:07,247","00:20:10,125","I was like, ""What the fuck did I do all that pushing for",0,0.0,,,,1207.25,1210.12
260,"00:20:11,043","00:20:13,712","when there was this perfectly good emergency exit?""",1,1.4199999999998454,"#114, ","1213.67, ","1215.09, ",1211.04,1213.71
261,"00:20:19,885","00:20:22,512","One of my best friends, God bless her,",0,0.0,,,,1219.88,1222.51
262,"00:20:22,596","00:20:27,100",she was in labor for 72 hours.,0,0.0,,,,1222.6,1227.1
263,"00:20:27,476","00:20:31,146","The baby's head kept on going in and out, and in and out, and in and out.",0,0.0,,,,1227.48,1231.15
264,"00:20:35,150","00:20:40,530",And then she still had to have an emergency C-section.,0,0.0,,,,1235.15,1240.53
265,"00:20:42,324","00:20:43,992","Before that shit went down,",0,0.0,,,,1242.32,1243.99
266,"00:20:44,284","00:20:47,287","my friend was the kindest,",1,1.490000000000009,"#115, ","1247.34, ","1248.83, ",1244.28,1247.29
267,"00:20:49,206","00:20:50,207","most polite<i>,</i>",0,0.0,,,,1249.21,1250.21
268,"00:20:50,666","00:20:51,833","dainty lady,",0,0.0,,,,1250.67,1251.83
269,"00:20:51,917","00:20:54,378",who would never burp in front of anybody.,0,0.0,,,,1251.92,1254.38
270,"00:20:55,712","00:20:57,339","After that shit went down,",0,0.0,,,,1255.71,1257.34
271,"00:20:57,422","00:21:03,345","she became the most bitter, nasty, raw-ass bitch I have ever met in my life!",0,0.0,,,,1257.42,1263.35
272,"00:21:04,012","00:21:07,391","I went to her house to pay her a visit shortly after,",0,0.0,,,,1264.01,1267.39
273,"00:21:07,474","00:21:09,226","she opens the door,",0,0.0,,,,1267.47,1269.23
274,"00:21:09,309","00:21:12,187","""Look at my pussy, Ali. Look at this shit! Look at this!""",1,7.449999999999818,"#116, ","1270.63, ","1278.08, ",1269.31,1272.19
275,"00:21:18,443","00:21:23,323","No, ""Hello, Ali. Welcome. Come meet my beautiful new baby.""",0,0.0,,,,1278.44,1283.32
276,"00:21:23,407","00:21:25,534","No, just, ""Come on, you look at this shit!",1,2.4300000000000637,"#117, ","1285.03, ","1287.46, ",1283.41,1285.53
277,"00:21:27,369","00:21:29,079","""You look at what happened to me!""",1,3.1000000000001364,"#118, ","1289.08, ","1292.18, ",1287.37,1289.08
278,"00:21:32,708","00:21:37,504","Just with the door open, in front of the entire cul-de-sac to see,",1,2.5499999999999545,"#119, ","1297.69, ","1300.24, ",1292.71,1297.5
279,"00:21:37,879","00:21:38,797","""Come on!""",2,2.5799999999999272,"#120, #121, ","1302.98, 1305.76, ","1303.52, 1307.8, ",1297.88,1298.8
280,"00:21:47,931","00:21:52,394",And her pussy looked crazy!,1,2.160000000000082,"#122, ","1310.78, ","1312.94, ",1307.93,1312.39
281,"00:21:54,646","00:21:57,024",It looked cuckoo for Cocoa Puffs!,0,0.0,,,,1314.65,1317.02
282,"00:21:58,233","00:22:00,068","When I saw it, I was like...",2,1.7100000000000364,"#123, #124, ","1320.25, 1321.81, ","1320.95, 1322.82, ",1318.23,1320.07
283,"00:22:02,029","00:22:07,034",Because her pussy straight up looked like two hanging dicks side by side.,1,0.7999999999999545,"#125, ","1326.93, ","1327.73, ",1322.03,1327.03
284,"00:22:11,538","00:22:14,750","In the process of giving birth to one baby girl,",0,0.0,,,,1331.54,1334.75
285,"00:22:15,083","00:22:17,586",my friend became two dudes.,1,1.75,"#126, ","1337.53, ","1339.28, ",1335.08,1337.59
286,"00:22:20,964","00:22:24,343",You could French braid that shit. It was like a Star Wars monster.,1,0.7899999999999636,"#127, ","1341.57, ","1342.36, ",1340.96,1344.34
287,"00:22:26,136","00:22:28,430","I mean, women, we're not accustomed",0,0.0,,,,1346.14,1348.43
288,"00:22:28,513","00:22:30,515",to seeing each other's pussies in the first place.,0,0.0,,,,1348.51,1350.52
289,"00:22:30,599","00:22:32,768","It's not like men at the urinal where you're like,",0,0.0,,,,1350.6,1352.77
290,"00:22:32,851","00:22:35,270","""Hey, what's up, dude""",0,0.0,,,,1352.85,1355.27
291,"00:22:35,354","00:22:38,440",holding your dicks in your hands in front of each other.,0,0.0,,,,1355.35,1358.44
292,"00:22:38,523","00:22:41,068","We're never just like going to the bathroom, ""What's up, girl?""",1,1.3300000000001546,"#128, ","1359.3, ","1360.63, ",1358.52,1361.07
293,"00:22:41,151","00:22:44,363","holding our pussies, just casual, ""I like your manicure.""",1,1.259999999999991,"#129, ","1364.57, ","1365.83, ",1361.15,1364.36
294,"00:22:49,826","00:22:53,497",I told her that she had turned into two dudes.,1,0.9800000000000182,"#130, ","1373.55, ","1374.53, ",1369.83,1373.5
295,"00:22:57,834","00:22:59,336",And she started laughing.,0,0.0,,,,1377.83,1379.34
296,"00:23:00,712","00:23:04,341",But then she started to get also extremely upset.,1,0.7000000000000455,"#131, ","1384.37, ","1385.07, ",1380.71,1384.34
297,"00:23:05,509","00:23:08,470","And she was like, ""Please, do not make me laugh!",0,0.0,,,,1385.51,1388.47
298,"00:23:08,804","00:23:11,056","Do not make me laugh!""",0,0.0,,,,1388.8,1391.06
299,"00:23:11,139","00:23:14,726","And then with one hand, she had to grab a pillow,",0,0.0,,,,1391.14,1394.73
300,"00:23:15,310","00:23:18,188",and press it against her C-section scar.,0,0.0,,,,1395.31,1398.19
301,"00:23:19,314","00:23:22,150","And then with the other hand, she had to...",0,0.0,,,,1399.31,1402.15
302,"00:23:24,319","00:23:26,363",pinch the dicks together...,1,1.9300000000000637,"#132, ","1406.05, ","1407.98, ",1404.32,1406.36
303,"00:23:28,573","00:23:31,952",to make sure that...,0,0.0,,,,1408.57,1411.95
304,"00:23:33,036","00:23:36,206","the <i>carne asada </i>wouldn't fall out of the taco,",0,0.0,,,,1413.04,1416.21
305,"00:23:38,542","00:23:40,585",and become nachos on the floor.,1,1.349999999999909,"#133, ","1421.14, ","1422.49, ",1418.54,1420.59
306,"00:23:46,758","00:23:49,970","You see, this is why women need maternity leave!",1,6.829999999999927,"#134, ","1429.16, ","1435.99, ",1426.76,1429.97
307,"00:23:50,971","00:23:54,266","-Yeah, you'd better pay our ass, too.",0,0.0,,,,1430.97,1434.27
308,"00:23:54,349","00:23:55,851",My friend couldn't go back to work,0,0.0,,,,1434.35,1435.85
309,"00:23:55,934","00:23:58,895",with her meat curtains dragging on the floor,1,0.849999999999909,"#135, ","1436.68, ","1437.53, ",1435.93,1438.89
310,"00:23:58,979","00:24:00,939",like the train of a sad-ass wedding dress.,0,0.0,,,,1438.98,1440.94
311,"00:24:01,022","00:24:02,691",You can't litigate like that.,0,0.0,,,,1441.02,1442.69
312,"00:24:03,692","00:24:06,153",Ain't no Spanx gonna tuck that shit in.,0,0.0,,,,1443.69,1446.15
313,"00:24:12,117","00:24:16,580","I told her all of that too, and she started laughing more.",0,0.0,,,,1452.12,1456.58
314,"00:24:17,038","00:24:20,625","And, you know, she was like, she was pinching",0,0.0,,,,1457.04,1460.62
315,"00:24:21,001","00:24:24,504","and she was pressing, and repressing the laughter",0,0.0,,,,1461.0,1464.5
316,"00:24:24,588","00:24:26,173","and it got to be too much,",1,1.2600000000002183,"#136, ","1464.87, ","1466.13, ",1464.59,1466.17
317,"00:24:26,423","00:24:30,051","and then all of this gas gurgled up in her system,",0,0.0,,,,1466.42,1470.05
318,"00:24:30,135","00:24:33,889",and she let out this fat-ass queef that dried out my eyeballs.,0,0.0,,,,1470.13,1473.89
319,"00:24:33,972","00:24:35,223",I was like...,1,0.7599999999999909,"#137, ","1474.24, ","1475.0, ",1473.97,1475.22
320,"00:24:36,892","00:24:37,851",Oh!,1,1.8999999999998636,"#138, ","1478.42, ","1480.32, ",1476.89,1477.85
321,"00:24:38,560","00:24:39,769",Ah!,0,0.0,,,,1478.56,1479.77
322,"00:24:43,273","00:24:44,232",Oh!,1,7.240000000000009,"#139, ","1493.53, ","1500.77, ",1483.27,1484.23
323,"00:25:00,665","00:25:02,334",Eeee.,2,4.670000000000073,"#140, #141, ","1501.81, 1506.39, ","1504.72, 1508.15, ",1500.66,1502.33
324,"00:25:07,881","00:25:09,549",Ah.  Ah. Ah.,3,13.529999999999973,"#142, #143, #144, ","1509.65, 1513.81, 1520.39, ","1513.02, 1518.23, 1526.13, ",1507.88,1509.55
325,"00:25:29,110","00:25:32,531",Many benefits to a C,0,0.0,,,,1529.11,1532.53
326,"00:25:32,864","00:25:37,118","Catheter, I had never had a catheter in my life. A catheter is a tube that they hook up to your pee-pee hole,",1,0.75,"#145, ","1534.71, ","1535.46, ",1532.86,1537.12
327,"00:25:41,540","00:25:44,000",and you just lie there...,0,0.0,,,,1541.54,1544.0
328,"00:25:45,252","00:25:51,424","And then all of a sudden, this bag of piss shows up next to your bed.",0,0.0,,,,1545.25,1551.42
329,"00:25:52,425","00:25:55,470",And then this<i> </i>kind Filipino lady,0,0.0,,,,1552.42,1555.47
330,"00:25:55,554","00:26:00,642",named Joyabelle Esperanza Purificacion Santo Domingo Ordonez Balasa,0,0.0,,,,1555.55,1560.64
331,"00:26:00,725","00:26:02,185",comes in to take it out.,1,1.2200000000000273,"#146, ","1562.76, ","1563.98, ",1560.72,1562.18
332,"00:26:04,312","00:26:06,856","And you're like, ""Nurse Joyabelle, whose piss that?""",0,0.0,,,,1564.31,1566.86
333,"00:26:06,940","00:26:08,650","And she's like, ""That's yours.""",1,1.9399999999998272,"#147, ","1568.92, ","1570.86, ",1566.94,1568.65
334,"00:26:09,901","00:26:12,153","And you're like, ""Oh my God, that's mine?""",0,0.0,,,,1569.9,1572.15
335,"00:26:12,696","00:26:14,531",I did not even feel it go out.,0,0.0,,,,1572.7,1574.53
336,"00:26:14,614","00:26:16,783","The catheter, it just carries it out.",0,0.0,,,,1574.61,1576.78
337,"00:26:16,866","00:26:18,326","And I was like, ""Oh my God,",0,0.0,,,,1576.87,1578.33
338,"00:26:18,410","00:26:22,330",in my life I could have accomplished so much more,1,1.490000000000009,"#148, ","1582.62, ","1584.11, ",1578.41,1582.33
339,"00:26:22,914","00:26:26,459","had I had a catheter attached to me this entire time.""",1,1.599999999999909,"#149, ","1585.41, ","1587.01, ",1582.91,1586.46
340,"00:26:33,800","00:26:37,095","A lot of people like to ask me,",0,0.0,,,,1593.8,1597.1
341,"00:26:37,178","00:26:38,305","""Ali,",0,0.0,,,,1597.18,1598.31
342,"00:26:38,388","00:26:44,269","how on Earth do you balance family and career?""",0,0.0,,,,1598.39,1604.27
343,"00:26:46,104","00:26:49,774",Men never get asked that question...,0,0.0,,,,1606.1,1609.77
344,"00:26:51,276","00:26:52,736",because they don't.,1,7.720000000000027,"#150, ","1612.95, ","1620.67, ",1611.28,1612.74
345,"00:27:00,869","00:27:05,206","They just neglect the child for like 90% of the day,",0,0.0,,,,1620.87,1625.21
346,"00:27:05,290","00:27:08,043","and that's perfectly socially acceptable,",0,0.0,,,,1625.29,1628.04
347,"00:27:08,126","00:27:12,213",but the standards for dads are so low,0,0.0,,,,1628.13,1632.21
348,"00:27:12,297","00:27:16,051",that they get so much praise for doing so little.,1,1.1599999999998545,"#151, ","1636.19, ","1637.35, ",1632.3,1636.05
349,"00:27:17,427","00:27:22,349","My husband occasionally changes diapers, and when people hear that,",0,0.0,,,,1637.43,1642.35
350,"00:27:23,350","00:27:26,186","""Oh my God,"" confetti everywhere!",1,1.1199999999998909,"#152, ","1645.67, ","1646.79, ",1643.35,1646.19
351,"00:27:26,895","00:27:30,732","""I cannot believe that your husband changes diapers!",0,0.0,,,,1646.89,1650.73
352,"00:27:31,024","00:27:35,028","What a doting modern father. Lucky you!""",0,0.0,,,,1651.02,1655.03
353,"00:27:38,031","00:27:40,784","When my baby girl was first born<i>,</i>",0,0.0,,,,1658.03,1660.78
354,"00:27:40,867","00:27:45,580",I would do skin-on-skin contact every day to bond with her.,1,1.6699999999998454,"#153, ","1667.66, ","1669.33, ",1660.87,1665.58
355,"00:27:50,043","00:27:51,628",She shit on my chest.,2,8.990000000000009,"#154, #155, ","1671.59, 1676.46, ","1675.94, 1681.1, ",1670.04,1671.63
356,"00:28:02,013","00:28:03,473",Where's my confetti at?,2,9.389999999999873,"#156, #157, ","1683.5, 1691.44, ","1690.98, 1693.35, ",1682.01,1683.47
357,"00:28:13,358","00:28:17,904","I'll tell you how I balance family and career, real talk?",0,0.0,,,,1693.36,1697.9
358,"00:28:19,572","00:28:22,033","I have a nanny. That's it, that's the answer.",1,0.7699999999999818,"#158, ","1701.71, ","1702.48, ",1699.57,1702.03
359,"00:28:23,493","00:28:27,956","Yes, it's very unlikable and unpopular to broadcast that",0,0.0,,,,1703.49,1707.96
360,"00:28:28,039","00:28:31,418",because not everybody can afford a nanny.,0,0.0,,,,1708.04,1711.42
361,"00:28:31,501","00:28:33,336",It's super expensive.,0,0.0,,,,1711.5,1713.34
362,"00:28:33,420","00:28:36,005","It's expensive for me and my husband,",0,0.0,,,,1713.42,1716.01
363,"00:28:36,089","00:28:40,260","so the both of us, we have to hustle, we have to work very hard",0,0.0,,,,1716.09,1720.26
364,"00:28:40,343","00:28:43,430",to not take care of our child ourselves.,1,0.9700000000000273,"#159, ","1722.99, ","1723.96, ",1720.34,1723.43
365,"00:28:47,726","00:28:52,021",I'm all about putting the oxygen mask on myself before I put it on my baby.,0,0.0,,,,1727.73,1732.02
366,"00:28:52,105","00:28:55,775",I like that protocol. I like that philosophy very much.,0,0.0,,,,1732.11,1735.78
367,"00:28:58,236","00:29:01,573","When the stewardess tells me to make sure to do that,",0,0.0,,,,1738.24,1741.57
368,"00:29:01,656","00:29:03,867","I'm always like, ""Yeah, I was gonna do that.",1,2.089999999999918,"#160, ","1743.91, ","1746.0, ",1741.66,1743.87
369,"00:29:05,910","00:29:07,620","I got no problem with that.""",0,0.0,,,,1745.91,1747.62
370,"00:29:11,958","00:29:14,794",I'm so jealous of Mexican people.,0,0.0,,,,1751.96,1754.79
371,"00:29:15,170","00:29:16,838",Mexican culture.,0,0.0,,,,1755.17,1756.84
372,"00:29:17,172","00:29:19,090","They don't need no nannies,",0,0.0,,,,1757.17,1759.09
373,"00:29:19,174","00:29:21,342",'cause you know who takes care of the baby?,0,0.0,,,,1759.17,1761.34
374,"00:29:22,260","00:29:23,303",The other baby!,1,4.2999999999999545,"#161, ","1762.91, ","1767.21, ",1762.26,1763.3
375,"00:29:26,639","00:29:31,269","Hermana, Tía, Abuela, Sobrina, Prima,",0,0.0,,,,1766.64,1771.27
376,"00:29:31,352","00:29:34,397","Second Prima, Bounce House...",1,0.8799999999998818,"#162, ","1772.42, ","1773.3, ",1771.35,1774.4
377,"00:29:35,023","00:29:37,442",The baby is just born into childcare.,1,1.490000000000009,"#163, ","1777.24, ","1778.73, ",1775.02,1777.44
378,"00:29:39,569","00:29:41,946",I want to be Mexican in my next life.,0,0.0,,,,1779.57,1781.95
379,"00:29:42,030","00:29:44,949",Don't nobody have more fun than Mexicans.,0,0.0,,,,1782.03,1784.95
380,"00:29:45,033","00:29:48,077","I used to live at Crenshaw and Pico,",0,0.0,,,,1785.03,1788.08
381,"00:29:48,620","00:29:50,288","yes, if you don't know,",0,0.0,,,,1788.62,1790.29
382,"00:29:50,371","00:29:55,168",Crenshaw and Pico is this magical corner in the hood of Los Angeles,0,0.0,,,,1790.37,1795.17
383,"00:29:55,251","00:29:58,379",where Guadalajara meets Korea...,1,1.2899999999999636,"#164, ","1798.76, ","1800.05, ",1795.25,1798.38
384,"00:30:01,382","00:30:07,138","and the Mexicans and the Koreans are in constant racial warfare,",0,0.0,,,,1801.38,1807.14
385,"00:30:07,222","00:30:11,309",and their weapons are loud music versus frowning.,2,6.059999999999718,"#165, #166, ","1811.44, 1813.9, ","1813.54, 1817.86, ",1807.22,1811.31
386,"00:30:19,567","00:30:23,738",Mexicans know how to prioritize family and fun.,0,0.0,,,,1819.57,1823.74
387,"00:30:23,822","00:30:27,534",They take their kids to Disneyland all the time.,0,0.0,,,,1823.82,1827.53
388,"00:30:27,617","00:30:29,160","And now to accommodate,",0,0.0,,,,1827.62,1829.16
389,"00:30:29,244","00:30:32,831",there is all of this Spanish at Disneyland.,0,0.0,,,,1829.24,1832.83
390,"00:30:32,914","00:30:37,919","Every ride begins with, ""Ladies and gentlemen, for your safety",0,0.0,,,,1832.91,1837.92
391,"00:30:38,002","00:30:42,507",please keep your arms and hands inside the vehicle at all times.,0,0.0,,,,1838.0,1842.51
392,"00:30:43,383","00:30:46,845","Damas y caballeros, por favor",0,0.0,,,,1843.38,1846.85
393,"00:30:46,928","00:30:50,557","mantengan las manos y los brazos dentro del coche,",0,0.0,,,,1846.93,1850.56
394,"00:30:50,932","00:30:53,226",and please do not smoke...,1,0.7799999999999727,"#167, ","1853.67, ","1854.45, ",1850.93,1853.23
395,"00:30:55,144","00:30:57,605","Because it is gross and dangerous, okay?",1,0.9499999999998181,"#168, ","1857.17, ","1858.12, ",1855.14,1857.61
396,"00:30:58,314","00:31:03,820",And employees must wash hands before returning to work.,1,1.6099999999999,"#169, ","1861.41, ","1863.02, ",1858.31,1863.82
397,"00:31:04,279","00:31:10,827","Okay, be careful. Be very careful. Cos tongue taco, son of a bitch, apple!",1,5.839999999999918,"#170, ","1868.94, ","1874.78, ",1864.28,1870.83
398,"00:31:14,455","00:31:19,836",♪ <i>Late at night</i> <i>When all the world is sleeping</i> ♪,2,3.1700000000000728,"#171, #172, ","1875.04, 1879.55, ","1875.59, 1882.17, ",1874.45,1879.84
399,"00:31:23,423","00:31:26,134","Yes, that's how Mexican Disneyland has gotten,",0,0.0,,,,1883.42,1886.13
400,"00:31:26,801","00:31:29,470",they play Selena on Pirates of the Caribbean.,1,1.150000000000091,"#173, ","1889.33, ","1890.48, ",1886.8,1889.47
401,"00:31:32,140","00:31:35,310",The Haunted Mansion is now called Dia de los Muertos!,1,1.0600000000001728,"#174, ","1895.57, ","1896.63, ",1892.14,1895.31
402,"00:31:37,687","00:31:40,231",And what was formerly known as Splash Mountain,0,0.0,,,,1897.69,1900.23
403,"00:31:40,315","00:31:42,734",is now Esplash Mountain.,1,2.5,"#175, ","1902.56, ","1905.06, ",1900.32,1902.73
404,"00:31:51,534","00:31:55,663",Our nanny is 62 years old.,0,0.0,,,,1911.53,1915.66
405,"00:31:56,497","00:32:01,085","Yes, I would never accept anything younger",0,0.0,,,,1916.5,1921.09
406,"00:32:01,169","00:32:04,380",than 62 years old.,1,6.059999999999945,"#176, ","1924.17, ","1930.23, ",1921.17,1924.38
407,"00:32:10,094","00:32:15,808","If you are hiring a 25-year-old pretty young thing to be your nanny,",0,0.0,,,,1930.09,1935.81
408,"00:32:16,935","00:32:18,353",you a dumbass.,1,0.900000000000091,"#177, ","1938.59, ","1939.49, ",1936.93,1938.35
409,"00:32:21,189","00:32:24,108",Do you not read <i>People</i> magazine? You don't know what's up?,0,0.0,,,,1941.19,1944.11
410,"00:32:24,192","00:32:26,986",That's inviting a marriage grenade into your home.,0,0.0,,,,1944.19,1946.99
411,"00:32:28,738","00:32:30,657","When you have a newborn baby,",0,0.0,,,,1948.74,1950.66
412,"00:32:30,740","00:32:34,160","your marriage is very weak because you're both stressed out,",0,0.0,,,,1950.74,1954.16
413,"00:32:34,243","00:32:36,746","you look like shit 'cause you don't shower no more,",0,0.0,,,,1954.24,1956.75
414,"00:32:36,829","00:32:38,706","you're resentful of each other,",0,0.0,,,,1956.83,1958.71
415,"00:32:38,790","00:32:41,834",whose idea was it to bring this new roommate into the world?,0,0.0,,,,1958.79,1961.83
416,"00:32:44,045","00:32:50,134",Your marriage is very vulnerable and easy for an outsider to invade and colonize.,0,0.0,,,,1964.05,1970.13
417,"00:32:53,054","00:32:58,184","If we had hired a 25-year-old man,",0,0.0,,,,1973.05,1978.18
418,"00:32:58,476","00:32:59,644",who was...,0,0.0,,,,1978.48,1979.64
419,"00:33:02,563","00:33:03,815",not ugly...,1,2.3900000000001,"#178, ","1983.83, ","1986.22, ",1982.56,1983.82
420,"00:33:10,154","00:33:13,866",great with my daughter and said yes immediately,0,0.0,,,,1990.15,1993.87
421,"00:33:13,950","00:33:18,788","to every chore I asked him to do with a positive attitude,",1,1.4700000000000273,"#179, ","1998.66, ","2000.13, ",1993.95,1998.79
422,"00:33:22,709","00:33:24,210","oh, you best believe",0,0.0,,,,2002.71,2004.21
423,"00:33:24,669","00:33:28,715",that I would eat the shit out of his butthole.,1,7.189999999999827,"#180, ","2008.88, ","2016.07, ",2004.67,2008.71
424,"00:33:32,844","00:33:33,886",Every day.,0,0.0,,,,2012.84,2013.89
425,"00:33:33,970","00:33:37,807",Every day would be an all-day nanny butthole buffet.,1,1.8299999999999272,"#181, ","2017.39, ","2019.22, ",2013.97,2017.81
426,"00:33:37,890","00:33:39,100",I don't care,0,0.0,,,,2017.89,2019.1
427,"00:33:39,183","00:33:42,186",if his 25 year old butt cheeks got all nervous,0,0.0,,,,2019.18,2022.19
428,"00:33:42,270","00:33:45,815","and clenched up and closed on my face like elevator doors,",0,0.0,,,,2022.27,2025.82
429,"00:33:45,898","00:33:47,191",I would get in there and...,1,9.269999999999982,"#182, ","2027.48, ","2036.75, ",2025.9,2027.19
430,"00:33:55,825","00:33:57,994",Like Jack Nicholson in <i>The Shining</i>!,3,10.330000000000155,"#183, #184, #185, ","2037.0, 2042.69, 2048.91, ","2041.83, 2047.43, 2049.67, ",2035.83,2037.99
431,"00:34:18,264","00:34:21,434","A lot of people also often ask me,",0,0.0,,,,2058.26,2061.43
432,"00:34:21,517","00:34:28,024","""Ali, what on Earth do your parents think about your stand""",1,1.0700000000001637,"#186, ","2068.25, ","2069.32, ",2061.52,2068.02
433,"00:34:30,568","00:34:35,615","Now that's a very racially-charged question, right?",0,0.0,,,,2070.57,2075.61
434,"00:34:35,698","00:34:37,658","Like, what they're really asking is,",0,0.0,,,,2075.7,2077.66
435,"00:34:38,076","00:34:42,914","""What do your oppressive Asian parents who beat you with the SAT book",0,0.0,,,,2078.08,2082.91
436,"00:34:42,997","00:34:46,084",until your fingers bled from playing the cello,0,0.0,,,,2083.0,2086.08
437,"00:34:46,167","00:34:48,544","think about your butthole""",1,2.2599999999997635,"#187, ","2088.48, ","2090.74, ",2086.17,2088.54
438,"00:34:54,801","00:34:59,847",My older sister is an unemployed lesbian who lives on my mother's property.,1,1.1300000000001091,"#188, ","2099.99, ","2101.12, ",2094.8,2099.85
439,"00:35:02,141","00:35:05,394",So I can do whatever I want.,1,7.229999999999563,"#189, ","2105.51, ","2112.74, ",2102.14,2105.39
440,"00:35:06,395","00:35:08,981",Yeah. Whatever I want!,0,0.0,,,,2106.39,2108.98
441,"00:35:11,609","00:35:15,404","I could take a shit on this stage right now,",0,0.0,,,,2111.61,2115.4
442,"00:35:15,488","00:35:20,326","and my mom would be like, ""You bring so much honor to our family.",1,2.069999999999709,"#190, ","2119.78, ","2121.85, ",2115.49,2120.33
443,"00:35:23,996","00:35:26,666","I am so proud of you, my golden child.""",1,0.7599999999997635,"#191, ","2126.96, ","2127.72, ",2124.0,2126.67
444,"00:35:35,341","00:35:39,345","And then a lot of people also seem to wonder, ""Ali,",0,0.0,,,,2135.34,2139.34
445,"00:35:39,846","00:35:44,392","now that you have a daughter, are you gonna tone it down?""",0,0.0,,,,2139.85,2144.39
446,"00:35:46,769","00:35:50,898","Here's the thing, just because you became a parent,",0,0.0,,,,2146.77,2150.9
447,"00:35:51,524","00:35:54,193",doesn't mean you grew up.,1,3.450000000000273,"#192, ","2154.35, ","2157.8, ",2151.52,2154.19
448,"00:35:56,404","00:35:57,446",Yeah.,0,0.0,,,,2156.4,2157.45
449,"00:35:57,738","00:36:00,032",Broey dudes become broey dads.,0,0.0,,,,2157.74,2160.03
450,"00:36:00,449","00:36:04,287","I'm the same piece of shit that I always was before I became a mom,",0,0.0,,,,2160.45,2164.29
451,"00:36:04,829","00:36:09,250","now just with more responsibility, and I'm barely rising to the occasion.",1,1.7300000000000182,"#193, ","2168.69, ","2170.42, ",2164.83,2169.25
452,"00:36:13,212","00:36:14,672","And I'm not ashamed,",0,0.0,,,,2173.21,2174.67
453,"00:36:14,755","00:36:16,090",I'm not going to hide,0,0.0,,,,2174.76,2176.09
454,"00:36:16,174","00:36:19,343",that I was very sexually active in my twenties.,0,0.0,,,,2176.17,2179.34
455,"00:36:19,635","00:36:23,848",You know why? Because everybody knows the secret now,0,0.0,,,,2179.64,2183.85
456,"00:36:23,931","00:36:28,019","that when a woman sleeps with a man right away,",0,0.0,,,,2183.93,2188.02
457,"00:36:29,353","00:36:32,732","it's not because we don't respect ourselves,",0,0.0,,,,2189.35,2192.73
458,"00:36:34,150","00:36:37,570",it's because we don't respect you.,1,7.580000000000382,"#194, ","2197.43, ","2205.01, ",2194.15,2197.57
459,"00:36:45,203","00:36:47,997",We don't see you as marriage material.,0,0.0,,,,2205.2,2208.0
460,"00:36:48,080","00:36:50,875",That's why we let your dick inside so fast.,0,0.0,,,,2208.08,2210.88
461,"00:36:51,292","00:36:52,585","By letting you in,",0,0.0,,,,2211.29,2212.59
462,"00:36:52,668","00:36:54,879",we're really kicking you out of our future.,0,0.0,,,,2212.67,2214.88
463,"00:36:54,962","00:36:57,757","""Bye, Felicia, be on your merry little way.""",1,7.200000000000273,"#195, ","2216.74, ","2223.94, ",2214.96,2217.76
464,"00:37:02,720","00:37:06,474","We're just trying to have fun, we're not trying to trap your ass.",1,3.0,"#196, ","2224.66, ","2227.66, ",2222.72,2226.47
465,"00:37:09,393","00:37:10,228",But...,0,0.0,,,,2229.39,2230.23
466,"00:37:10,937","00:37:14,982",But you better be careful because when a man...,0,0.0,,,,2230.94,2234.98
467,"00:37:16,442","00:37:20,655","when a man doesn't sleep with you right away,",0,0.0,,,,2236.44,2240.66
468,"00:37:20,738","00:37:21,739",oh...,0,0.0,,,,2240.74,2241.74
469,"00:37:22,740","00:37:26,160","oh, it's not because he respects you,",0,0.0,,,,2242.74,2246.16
470,"00:37:29,163","00:37:32,667",it's because he has a small dick.,1,6.679999999999836,"#197, ","2252.28, ","2258.96, ",2249.16,2252.67
471,"00:37:39,548","00:37:44,095",And he's trying to trap you.,1,3.599999999999909,"#198, ","2262.79, ","2266.39, ",2259.55,2264.09
472,"00:37:50,726","00:37:53,020",Do not fall for that trap.,0,0.0,,,,2270.73,2273.02
473,"00:37:53,104","00:37:57,441",I'm gonna repeat that shit to my daughter over and over and over again.,0,0.0,,,,2273.1,2277.44
474,"00:37:58,859","00:38:00,236",Do not fall for that trap.,0,0.0,,,,2278.86,2280.24
475,"00:38:00,319","00:38:02,238","I fell for that shit once,",0,0.0,,,,2280.32,2282.24
476,"00:38:02,321","00:38:06,242",fell in love and into a semi long-term relationship,0,0.0,,,,2282.32,2286.24
477,"00:38:06,325","00:38:10,329","with a man who kept on wanting to wait to have sex,",0,0.0,,,,2286.32,2290.33
478,"00:38:10,413","00:38:12,415",and I assumed it was because he thought,0,0.0,,,,2290.41,2292.41
479,"00:38:12,498","00:38:16,419","I was so special, and amazing, and worth waiting for...",0,0.0,,,,2292.5,2296.42
480,"00:38:16,502","00:38:18,504",He was hiding something!,2,2.8099999999999454,"#199, #200, ","2296.94, 2298.19, ","2297.79, 2300.15, ",2296.5,2298.5
481,"00:38:20,548","00:38:23,592",Months later he finally agrees to get busy,0,0.0,,,,2300.55,2303.59
482,"00:38:23,676","00:38:26,846",and unveils this tiny mess of a thing,0,0.0,,,,2303.68,2306.85
483,"00:38:26,929","00:38:30,266",that wouldn't even reach your molars.,1,12.159999999999854,"#201, ","2310.25, ","2322.41, ",2306.93,2310.27
484,"00:38:44,488","00:38:45,948",It was a black dude.,1,2.569999999999709,"#202, ","2325.84, ","2328.41, ",2324.49,2325.95
485,"00:38:49,702","00:38:52,747","Creepy, right? Like seeing a homeless Asian person,",0,0.0,,,,2329.7,2332.75
486,"00:38:52,830","00:38:54,081","""What happened to you",2,3.25,"#203, #204, ","2333.07, 2337.2, ","2335.42, 2338.1, ",2332.83,2334.08
487,"00:38:57,918","00:39:00,421","""Oh my God, who are your parents? Truly!""",2,2.099999999999909,"#205, #206, ","2340.22, 2343.64, ","2341.72, 2344.24, ",2337.92,2340.42
488,"00:39:06,302","00:39:09,347","It was a black dude, and I told all my black friends about it,",0,0.0,,,,2346.3,2349.35
489,"00:39:09,430","00:39:11,682","and they were like, ""Where the fuck is he at?",1,1.5199999999999818,"#207, ","2351.67, ","2353.19, ",2349.43,2351.68
490,"00:39:13,517","00:39:16,479",We need to assassinate him right now,1,0.7000000000002728,"#208, ","2356.37, ","2357.07, ",2353.52,2356.48
491,"00:39:17,104","00:39:20,399","before he further threatens to tarnish our sacred reputation!""",1,2.100000000000364,"#209, ","2359.72, ","2361.82, ",2357.1,2360.4
492,"00:39:28,115","00:39:31,452",It was the first and last time,0,0.0,,,,2368.11,2371.45
493,"00:39:31,535","00:39:35,706",I had ever seen an actual micropenis.,0,0.0,,,,2371.53,2375.71
494,"00:39:36,499","00:39:40,878",And my honest first reaction when I saw it was...,0,0.0,,,,2376.5,2380.88
495,"00:39:41,545","00:39:43,589","""Oh, my God, are you okay?",1,1.680000000000291,"#210, ","2383.6, ","2385.28, ",2381.55,2383.59
496,"00:39:45,257","00:39:47,635","What happened, did you just get hit by a bus?",0,0.0,,,,2385.26,2387.64
497,"00:39:47,718","00:39:52,348","Did a car outside just like sideswipe your dick off,",0,0.0,,,,2387.72,2392.35
498,"00:39:52,431","00:39:57,645",and now is your dick rolling around on the street like a severed snake head?,1,1.349999999999909,"#211, ","2397.48, ","2398.83, ",2392.43,2397.64
499,"00:39:57,728","00:40:00,564","And should we get a mason jar and just scoop it up,",0,0.0,,,,2397.73,2400.56
500,"00:40:00,648","00:40:04,652",and bring you both to the hospital to have you sewed back together?,1,2.6900000000000546,"#212, ","2403.25, ","2405.94, ",2400.65,2404.65
501,"00:40:10,783","00:40:12,618",Wait a minute. Wait a minute...,0,0.0,,,,2410.78,2412.62
502,"00:40:13,411","00:40:16,288",Is this some sort of <i>Princess and the Frog</i> test?,1,1.2199999999998,"#213, ","2416.52, ","2417.74, ",2413.41,2416.29
503,"00:40:18,624","00:40:21,460",Did a witch curse you a long time ago,0,0.0,,,,2418.62,2421.46
504,"00:40:21,836","00:40:24,046",as punishment for calling her ugly?,0,0.0,,,,2421.84,2424.05
505,"00:40:25,131","00:40:28,801","And now if I put that in my mouth to prove that I love you,",2,2.4200000000000728,"#214, #215, ","2425.74, 2428.82, ","2426.65, 2430.33, ",2425.13,2428.8
506,"00:40:32,138","00:40:34,140","as a reward for my love,",0,0.0,,,,2432.14,2434.14
507,"00:40:34,849","00:40:36,142",will it expand?,2,3.630000000000109,"#216, #217, ","2435.98, 2439.2, ","2438.44, 2440.37, ",2434.85,2436.14
508,"00:40:39,812","00:40:42,398","Like one of those magic towels you pour water on?""",1,1.2800000000002,"#218, ","2442.52, ","2443.8, ",2439.81,2442.4
509,"00:40:48,904","00:40:53,242",My life has changed dramatically,0,0.0,,,,2448.9,2453.24
510,"00:40:53,325","00:40:55,870","in the past year,",0,0.0,,,,2453.32,2455.87
511,"00:40:56,287","00:40:58,080","because a year ago,",0,0.0,,,,2456.29,2458.08
512,"00:40:58,789","00:41:01,584",nobody knew who the fuck I was.,1,1.0200000000004366,"#219, ","2461.74, ","2462.76, ",2458.79,2461.58
513,"00:41:02,918","00:41:04,795",And when I was warming up,0,0.0,,,,2462.92,2464.8
514,"00:41:04,879","00:41:08,299",to tape my very first stand-up comedy special,0,0.0,,,,2464.88,2468.3
515,"00:41:08,382","00:41:11,886","I did four shows in my hometown, San Francisco.",0,0.0,,,,2468.38,2471.89
516,"00:41:12,428","00:41:16,056","And I was so excited, I was super pumped.",0,0.0,,,,2472.43,2476.06
517,"00:41:17,099","00:41:20,102","And then I couldn't sell out all the tickets,",0,0.0,,,,2477.1,2480.1
518,"00:41:20,227","00:41:23,689",so they had to put half of them up on Groupon. I know a lot of you are having a Chinese heart attack right now.,1,2.3299999999999272,"#220, ","2489.42, ","2491.75, ",2480.23,2483.69
519,"00:41:31,780","00:41:33,073","""Oh my God...",0,0.0,,,,2491.78,2493.07
520,"00:41:33,449","00:41:37,369","You mean to tell me I could've seen this bitch a year ago for $10?""",1,9.819999999999709,"#221, ","2497.05, ","2506.87, ",2493.45,2497.37
521,"00:41:51,050","00:41:53,010","Look, I love Groupon, okay?",0,0.0,,,,2511.05,2513.01
522,"00:41:53,093","00:41:56,347",But it was so depressing and demoralizing,0,0.0,,,,2513.09,2516.35
523,"00:41:56,430","00:41:59,850",to see my face and my picture next to...,0,0.0,,,,2516.43,2519.85
524,"00:42:00,434","00:42:01,936","whale watching tours,",1,1.099999999999909,"#222, ","2522.07, ","2523.17, ",2520.43,2521.94
525,"00:42:03,437","00:42:07,316","teeth whitening services, and discontinued dildos on clearance.",1,1.0599999999999454,"#223, ","2527.42, ","2528.48, ",2523.44,2527.32
526,"00:42:09,193","00:42:10,653","I was like, ""This is sad.""",0,0.0,,,,2529.19,2530.65
527,"00:42:12,404","00:42:15,491","And then fast forward to last year,",0,0.0,,,,2532.4,2535.49
528,"00:42:15,824","00:42:20,287",my Netflix special <i>Baby Cobra</i> premiered Mother's Day weekend.,1,8.2199999999998,"#224, ","2539.19, ","2547.41, ",2535.82,2540.29
529,"00:42:27,127","00:42:28,796","And it was crazy,",0,0.0,,,,2547.13,2548.8
530,"00:42:28,879","00:42:32,049",nothing like that had ever happened to me before.,0,0.0,,,,2548.88,2552.05
531,"00:42:32,132","00:42:36,887","All of a sudden scalpers were charging up to $1,000 a ticket",0,0.0,,,,2552.13,2556.89
532,"00:42:36,971","00:42:38,597",to see me headline live.,0,0.0,,,,2556.97,2558.6
533,"00:42:38,681","00:42:42,142",Over 300 people dressed up as me while I was pregnant,0,0.0,,,,2558.68,2562.14
534,"00:42:42,226","00:42:44,353",in that striped dress for Halloween.,1,1.5600000000004002,"#225, ","2564.72, ","2566.28, ",2562.23,2564.35
535,"00:42:47,273","00:42:49,275",And I was so happy.,1,1.080000000000382,"#226, ","2568.45, ","2569.53, ",2567.27,2569.28
536,"00:42:50,985","00:42:55,239",Until I realized that I have no interest in being famous. I don't.,0,0.0,,,,2570.99,2575.24
537,"00:42:55,573","00:42:58,867",All I ever wanted was more money for less effort.,1,1.650000000000091,"#227, ","2578.88, ","2580.53, ",2575.57,2578.87
538,"00:43:01,370","00:43:03,914",I just wanna collect checks in my pajamas.,0,0.0,,,,2581.37,2583.91
539,"00:43:05,499","00:43:09,712",Play a piece of tofu in a Pixar movie or something.,1,4.230000000000018,"#228, ","2589.58, ","2593.81, ",2585.5,2589.71
540,"00:43:15,342","00:43:19,013","Yeah, come on, you see it, the tofu's got glasses,",0,0.0,,,,2595.34,2599.01
541,"00:43:19,096","00:43:20,973","a lot of attitude,",1,3.0,"#229, ","2599.46, ","2602.46, ",2599.1,2600.97
542,"00:43:22,641","00:43:26,645",sings some song about the joy of soy with Justin Timberlake.,1,1.9800000000000182,"#230, ","2606.33, ","2608.31, ",2602.64,2606.64
543,"00:43:28,355","00:43:32,276","My arch nemesis can be a piece of beef played by Idris Elba,",1,1.550000000000182,"#231, ","2612.48, ","2614.03, ",2608.36,2612.28
544,"00:43:33,402","00:43:35,487",named Stringer Beef or something.,1,0.8099999999999454,"#232, ","2615.56, ","2616.37, ",2613.4,2615.49
545,"00:43:41,243","00:43:45,414",I'm not even that famous and already I hate it.,0,0.0,,,,2621.24,2625.41
546,"00:43:45,497","00:43:46,999",I hate it so much.,0,0.0,,,,2625.5,2627.0
547,"00:43:47,082","00:43:48,334",It's a burden!,0,0.0,,,,2627.08,2628.33
548,"00:43:48,834","00:43:53,005","Occasionally now, I will be eating at a fancy restaurant",0,0.0,,,,2628.83,2633.01
549,"00:43:53,088","00:43:56,842",and will get recognized by both the wait staff and the chef,0,0.0,,,,2633.09,2636.84
550,"00:43:56,925","00:43:58,135","and think to myself,",0,0.0,,,,2636.93,2638.14
551,"00:43:58,802","00:44:02,473","""Oh, great. Now I have to tip more.""",1,3.6700000000000728,"#233, ","2642.64, ","2646.31, ",2638.8,2642.47
552,"00:44:12,983","00:44:14,610","And I do have more money now,",0,0.0,,,,2652.98,2654.61
553,"00:44:14,693","00:44:19,948",and now I make a lot more money than my husband by like a long shot.,1,8.599999999999909,"#234, ","2660.35, ","2668.95, ",2654.69,2659.95
554,"00:44:29,166","00:44:31,710","Well, my mom is very concerned",0,0.0,,,,2669.17,2671.71
555,"00:44:31,794","00:44:35,255",that he's going to leave me out of intimidation.,1,1.099999999999909,"#235, ","2675.5, ","2676.6, ",2671.79,2675.26
556,"00:44:37,091","00:44:39,385",I had to explain to her that,0,0.0,,,,2677.09,2679.39
557,"00:44:39,468","00:44:41,428",the only kind of man,0,0.0,,,,2679.47,2681.43
558,"00:44:41,512","00:44:44,973","that would leave a woman who makes more money,",0,0.0,,,,2681.51,2684.97
559,"00:44:46,433","00:44:50,270",is the kind of man that doesn't like free money.,2,3.780000000000655,"#236, #237, ","2690.35, 2693.24, ","2692.51, 2694.86, ",2686.43,2690.27
560,"00:44:55,651","00:44:57,945","""Oh, but Ali, he doesn't feel small?""",0,0.0,,,,2695.65,2697.95
561,"00:44:58,028","00:45:01,323",He's too busy living large on my new salary!,1,4.300000000000182,"#238, ","2700.98, ","2705.28, ",2698.03,2701.32
562,"00:45:03,659","00:45:04,743","""Oh. Oh...",0,0.0,,,,2703.66,2704.74
563,"00:45:04,827","00:45:08,914","Oh, but Ali, doesn't he feel like you took something away from him?""",0,0.0,,,,2704.83,2708.91
564,"00:45:08,997","00:45:12,084","Oh, do you mean like the pressure to provide?",1,1.2599999999997635,"#239, ","2712.38, ","2713.64, ",2709.0,2712.08
565,"00:45:13,210","00:45:16,422",Which I have lifted from his shoulders. He's chilling.,0,0.0,,,,2713.21,2716.42
566,"00:45:16,505","00:45:20,968","He walks into work now every day two hours late like this,",0,0.0,,,,2716.51,2720.97
567,"00:45:21,051","00:45:22,052","""Fuck you!",1,8.809999999999945,"#240, ","2721.61, ","2730.42, ",2721.05,2722.05
568,"00:45:30,144","00:45:32,938","Fuck you, fuck you, and fuck you!",0,0.0,,,,2730.14,2732.94
569,"00:45:33,230","00:45:36,650","Fire me, I don't give a shit. My wife's rich, bitch.",1,12.639999999999873,"#241, ","2736.88, ","2749.52, ",2733.23,2736.65
570,"00:45:38,318","00:45:40,320",Yeah!,0,0.0,,,,2738.32,2740.32
571,"00:45:48,954","00:45:52,249","Yeah, this job is just an eccentric hobby for me now.""",1,1.75,"#242, ","2752.18, ","2753.93, ",2748.95,2752.25
572,"00:46:01,091","00:46:03,469",It was not supposed to go down like this.,1,0.5599999999999454,"#243, ","2763.46, ","2764.02, ",2761.09,2763.47
573,"00:46:04,553","00:46:07,055",Okay? I was supposed to be him.,0,0.0,,,,2764.55,2767.05
574,"00:46:07,514","00:46:09,600",I'm supposed to be the one chilling.,0,0.0,,,,2767.51,2769.6
575,"00:46:09,683","00:46:13,353",He graduated from Harvard Business School.,0,0.0,,,,2769.68,2773.35
576,"00:46:13,854","00:46:17,357",I have a BA from UCLA in Ethnic Studies.,1,1.8800000000001091,"#244, ","2777.58, ","2779.46, ",2773.85,2777.36
577,"00:46:21,862","00:46:26,700","Ethnic studies is a major where you study how to blame everything on white people,",0,0.0,,,,2781.86,2786.7
578,"00:46:26,784","00:46:29,119",it's not supposed to yield income.,1,2.6600000000003092,"#245, ","2788.99, ","2791.65, ",2786.78,2789.12
579,"00:46:34,750","00:46:39,004","Nobody, no one could have predicted this outcome.",0,0.0,,,,2794.75,2799.0
580,"00:46:39,421","00:46:42,216","So much so, that before we got married,",0,0.0,,,,2799.42,2802.22
581,"00:46:42,591","00:46:45,636",his family made me sign a prenup.,1,1.599999999999909,"#246, ","2805.85, ","2807.45, ",2802.59,2805.64
582,"00:46:48,222","00:46:51,558","It's true, and now if we get divorced,",0,0.0,,,,2808.22,2811.56
583,"00:46:52,100","00:46:55,020",their son is fucked.,1,11.450000000000273,"#247, ","2814.93, ","2826.38, ",2812.1,2815.02
584,"00:47:06,198","00:47:08,242",No more sashimi on a Tuesday!,2,2.5100000000002183,"#248, #249, ","2827.13, 2828.19, ","2828.03, 2829.8, ",2826.2,2828.24
585,"00:47:09,952","00:47:13,997",No more fancy Japanese toilet bidet where water comes out,0,0.0,,,,2829.95,2834.0
586,"00:47:14,081","00:47:17,334",and Hello Kitty sings the song until your butthole's fresh and clean.,1,0.849999999999909,"#250, ","2837.39, ","2838.24, ",2834.08,2837.33
587,"00:47:19,211","00:47:21,463","Go back to drinking flat water, bitch!",3,4.019999999999982,"#251, #252, #253, ","2841.32, 2844.85, 2848.08, ","2842.9, 2846.63, 2848.74, ",2839.21,2841.46
588,"00:47:33,851","00:47:38,105","It is said that if you earn more in the relationship,",0,0.0,,,,2853.85,2858.11
589,"00:47:38,188","00:47:40,524",then you are the breadwinner.,0,0.0,,,,2858.19,2860.52
590,"00:47:41,859","00:47:44,528","I think my husband's the real breadwinner,",0,0.0,,,,2861.86,2864.53
591,"00:47:46,029","00:47:48,240",because he won a bread machine.,1,9.420000000000073,"#254, ","2868.36, ","2877.78, ",2866.03,2868.24
592,"00:47:57,666","00:48:01,753","Being a woman and the breadwinner is not all that, okay?",0,0.0,,,,2877.67,2881.75
593,"00:48:01,837","00:48:03,380","Because you get insecure,",0,0.0,,,,2881.84,2883.38
594,"00:48:03,463","00:48:05,841","you do, about having too much power,",0,0.0,,,,2883.46,2885.84
595,"00:48:05,924","00:48:08,802",so then you overcompensate in the marriage,0,0.0,,,,2885.92,2888.8
596,"00:48:08,886","00:48:11,555",by letting the husband have a say and...,2,5.389999999999873,"#255, #256, ","2891.54, 2894.8, ","2893.92, 2897.81, ",2888.89,2891.55
597,"00:48:19,605","00:48:22,441","And then on top of that, you know, I get very insecure",0,0.0,,,,2899.61,2902.44
598,"00:48:22,524","00:48:26,069","as being seen as like an ice cold, workaholic mom,",0,0.0,,,,2902.52,2906.07
599,"00:48:26,153","00:48:29,573","so then I'm the main caregiver of our daughter, too.",0,0.0,,,,2906.15,2909.57
600,"00:48:29,907","00:48:32,701",And I'm exhausted! I'm overwhelmed!,0,0.0,,,,2909.91,2912.7
601,"00:48:33,368","00:48:36,455","So now when my husband and I role play,",0,0.0,,,,2913.37,2916.45
602,"00:48:36,830","00:48:40,876","I request that he call me ""a simple ho"".",2,2.8299999999999272,"#257, #258, ","2921.19, 2926.88, ","2923.01, 2927.89, ",2916.83,2920.88
603,"00:48:47,132","00:48:49,927","Because that is my greatest fantasy,",0,0.0,,,,2927.13,2929.93
604,"00:48:51,094","00:48:53,722","to be an illiterate farm girl,",0,0.0,,,,2931.09,2933.72
605,"00:48:55,015","00:48:58,852",with no responsibility or decision-making power.,0,0.0,,,,2935.01,2938.85
606,"00:49:00,020","00:49:01,772","We'll get really into it, too.",0,0.0,,,,2940.02,2941.77
607,"00:49:01,855","00:49:06,860","He'll be like, ""You! You are nothing but a simple ho!""",0,0.0,,,,2941.86,2946.86
608,"00:49:07,152","00:49:09,279","And I'm like, ""Yeah, I'm a real dummy.",0,0.0,,,,2947.15,2949.28
609,"00:49:09,363","00:49:12,866","I don't know the alphabet, I don't know how to count,",1,0.6100000000001273,"#259, ","2952.0, ","2952.61, ",2949.36,2952.87
610,"00:49:12,950","00:49:16,328",I don't know the difference between shapes and colors.,1,2.449999999999818,"#260, ","2955.36, ","2957.81, ",2952.95,2956.33
611,"00:49:17,371","00:49:21,083","I can't be trusted to deposit checks or do anything important,",0,0.0,,,,2957.37,2961.08
612,"00:49:21,667","00:49:24,294","for I am just a simple ho.""",1,0.9499999999998181,"#261, ","2964.53, ","2965.48, ",2961.67,2964.29
613,"00:49:34,596","00:49:38,392","Despite having more money, I keep it real, okay?",0,0.0,,,,2974.6,2978.39
614,"00:49:38,475","00:49:43,397","I am still a Chinese-Vietnamese person, okay? Yeah.",0,0.0,,,,2978.47,2983.4
615,"00:49:44,231","00:49:49,152",I literally watch my Netflix special on my sister-in-law's login.,1,8.710000000000036,"#262, ","2989.3, ","2998.01, ",2984.23,2989.15
616,"00:49:55,909","00:49:58,829","To this day, I do not have my own account.",1,1.3299999999999272,"#263, ","2998.67, ","3000.0, ",2995.91,2998.83
617,"00:50:01,456","00:50:03,333","After I filmed <i>Baby Cobra</i>,",0,0.0,,,,3001.46,3003.33
618,"00:50:03,417","00:50:07,838",Netflix sent me a Netflix baby onesie and a basket.,0,0.0,,,,3003.42,3007.84
619,"00:50:07,921","00:50:10,716",You know those baskets that white people like to give,0,0.0,,,,3007.92,3010.72
620,"00:50:10,799","00:50:14,970","with the biscotti, and the cheese, and the caramel popcorn,",0,0.0,,,,3010.8,3014.97
621,"00:50:15,053","00:50:19,391",and all the other shit that Asian people have no interest in whatsoever.,0,0.0,,,,3015.05,3019.39
622,"00:50:21,268","00:50:23,103","I was like, ""Give me an account!",1,2.1600000000003092,"#264, ","3022.95, ","3025.11, ",3021.27,3023.1
623,"00:50:25,272","00:50:28,525","I don't need this shit that I'm allergic to, give me an account!""",2,2.3600000000001273,"#265, #266, ","3027.74, 3034.59, ","3029.6, 3035.09, ",3025.27,3028.53
624,"00:50:36,283","00:50:40,328","I still buy all my shit on Craigslist, nothing in my house is new.",0,0.0,,,,3036.28,3040.33
625,"00:50:40,412","00:50:43,832","But now, I have to go in a disguise",0,0.0,,,,3040.41,3043.83
626,"00:50:43,915","00:50:48,503",because last week I forgot my sunglasses and my hat,0,0.0,,,,3043.91,3048.5
627,"00:50:48,962","00:50:52,215",and I was haggling with this dude over a bike helmet.,1,1.4500000000002728,"#267, ","3052.39, ","3053.84, ",3048.96,3052.22
628,"00:50:54,968","00:50:57,345","He was like, ""Twenty."" I was like, ""Ten.""",0,0.0,,,,3054.97,3057.34
629,"00:50:57,929","00:50:59,890","He was like, ""Okay, 17.""",0,0.0,,,,3057.93,3059.89
630,"00:50:59,973","00:51:02,893","I was like, ""Uh-uh, I see a scratch on there. Ten.""",1,0.849999999999909,"#268, ","3063.08, ","3063.93, ",3059.97,3062.89
631,"00:51:04,770","00:51:06,521","And finally he says to me,",0,0.0,,,,3064.77,3066.52
632,"00:51:06,605","00:51:09,191","""Um, you know, I could swear, I...",0,0.0,,,,3066.61,3069.19
633,"00:51:10,400","00:51:12,027",Aren't you Ali Wong?,0,0.0,,,,3070.4,3072.03
634,"00:51:13,904","00:51:17,699",Why are you haggling with me over this bike helmet?,0,0.0,,,,3073.9,3077.7
635,"00:51:18,492","00:51:20,869","I'm a college student who, as you can see,",0,0.0,,,,3078.49,3080.87
636,"00:51:20,952","00:51:23,663","lives in a studio apartment with roommates.""",0,0.0,,,,3080.95,3083.66
637,"00:51:25,207","00:51:26,249",I was like...,1,1.9200000000000728,"#269, ","3088.52, ","3090.44, ",3085.21,3086.25
638,"00:51:29,920","00:51:33,215","""Shame on you. We don't all look alike! Give me that helmet.",1,2.900000000000091,"#270, ","3092.36, ","3095.26, ",3089.92,3093.22
639,"00:51:36,176","00:51:37,761",Me no speak-a the English!,2,4.579999999999927,"#271, #272, ","3097.42, 3101.4, ","3100.13, 3103.27, ",3096.18,3097.76
640,"00:51:41,848","00:51:44,935","My name is not Ali Wong, my name is Grace Lee!",1,2.9899999999997817,"#273, ","3104.88, ","3107.87, ",3101.85,3104.93
641,"00:51:47,521","00:51:49,981",I dare you to Google Image Grace Lee.,0,0.0,,,,3107.52,3109.98
642,"00:51:50,732","00:51:53,193","Your computer will burst into flames!""",1,1.3100000000004002,"#274, ","3113.2, ","3114.51, ",3110.73,3113.19
643,"00:52:03,703","00:52:07,165","I make fun of my husband a lot,",0,0.0,,,,3123.7,3127.16
644,"00:52:07,249","00:52:11,128",but the reality is that he is my best friend.,0,0.0,,,,3127.25,3131.13
645,"00:52:11,586","00:52:13,713","Yes, I'm very serious.",0,0.0,,,,3131.59,3133.71
646,"00:52:13,797","00:52:17,008","I'm very lucky to have gotten to marry my best friend,",0,0.0,,,,3133.8,3137.01
647,"00:52:17,092","00:52:20,387",and our whole dynamic confuses my mother,0,0.0,,,,3137.09,3140.39
648,"00:52:20,470","00:52:23,890",because it's the inverse of what she had with my father.,0,0.0,,,,3140.47,3143.89
649,"00:52:25,016","00:52:28,019","She was like, ""Your father was not my best friend.",1,1.7400000000002365,"#275, ","3148.08, ","3149.82, ",3145.02,3148.02
650,"00:52:29,729","00:52:34,067",I cannot believe how comfortable you guys are around each other.,0,0.0,,,,3149.73,3154.07
651,"00:52:36,403","00:52:39,239","Do you fart in front of your husband?""",0,0.0,,,,3156.4,3159.24
652,"00:52:42,450","00:52:45,162",I fart in my husband.,2,3.2599999999997635,"#276, #277, ","3164.97, 3169.36, ","3166.87, 3170.72, ",3162.45,3165.16
653,"00:52:53,795","00:52:57,048",'Cause we are best friends.,0,0.0,,,,3173.8,3177.05
654,"00:53:01,219","00:53:05,849","I hope that he and I always stay together, truly, you know?",0,0.0,,,,3181.22,3185.85
655,"00:53:05,932","00:53:09,269","'Cause a lot of times when comedians get successful,",0,0.0,,,,3185.93,3189.27
656,"00:53:09,644","00:53:13,356","they inevitably get divorced from their first spouse,",0,0.0,,,,3189.64,3193.36
657,"00:53:13,440","00:53:18,445","and then at the age of, like, 50 or 60, they like to trade up for a new one",0,0.0,,,,3193.44,3198.45
658,"00:53:18,528","00:53:20,655","that's, like, a third of their age.",0,0.0,,,,3198.53,3200.66
659,"00:53:21,656","00:53:25,535","As a woman, that has zero appeal to me.",0,0.0,,,,3201.66,3205.53
660,"00:53:26,703","00:53:29,289",You think I wanna fuck an 18,1,1.1700000000000728,"#278, ","3213.41, ","3214.58, ",3206.7,3209.29
661,"00:53:34,377","00:53:40,133",Have some nervous teenager do three pumps and then bust a nut in my old,0,0.0,,,,3214.38,3220.13
662,"00:53:40,217","00:53:41,343","No, thank you.",1,1.75,"#279, ","3220.85, ","3222.6, ",3220.22,3221.34
663,"00:53:42,636","00:53:43,720",No <i>gracias</i>.,0,0.0,,,,3222.64,3223.72
664,"00:53:45,138","00:53:49,351","I don't wanna fuck an 18-year-old boy<i>,</i> not now, not ever again,",0,0.0,,,,3225.14,3229.35
665,"00:53:49,434","00:53:52,729","because they're 18, they're terrible in bed.",0,0.0,,,,3229.43,3232.73
666,"00:53:52,812","00:53:55,398",Do you remember when we were all teenagers?,0,0.0,,,,3232.81,3235.4
667,"00:53:55,482","00:54:01,071",It was horrible for teenage girls because oral sex was all one-way.,0,0.0,,,,3235.48,3241.07
668,"00:54:01,154","00:54:02,572","As a teenage girl,",0,0.0,,,,3241.15,3242.57
669,"00:54:02,656","00:54:07,452","you never ever got your pussy eaten, but you sucked so many dicks.",1,1.050000000000182,"#280, ","3247.43, ","3248.48, ",3242.66,3247.45
670,"00:54:07,535","00:54:12,290","You'd suck a dick under a bridge, in the bathroom, in the forest.",2,2.419999999999618,"#281, #282, ","3250.07, 3251.65, ","3251.0, 3253.14, ",3247.53,3252.29
671,"00:54:15,710","00:54:17,170","But as a teenage girl,",0,0.0,,,,3255.71,3257.17
672,"00:54:17,254","00:54:20,423","you never just casually got your pussy eaten behind the bleachers,",0,0.0,,,,3257.25,3260.42
673,"00:54:20,507","00:54:22,217","""Come on, Gary. Come on...",1,1.0399999999999636,"#283, ","3261.85, ","3262.89, ",3260.51,3262.22
674,"00:54:22,717","00:54:26,263","Come on, Gary. Come on. Just lie down on your back, Gary.",0,0.0,,,,3262.72,3266.26
675,"00:54:26,346","00:54:30,058","Come on, like you're gonna change oil. Come on, Gary!""",2,3.0700000000001637,"#284, #285, ","3269.25, 3273.29, ","3271.27, 3274.34, ",3266.35,3270.06
676,"00:54:34,646","00:54:37,607","""Did you see that wicked serve I made in that tennis match?",0,0.0,,,,3274.65,3277.61
677,"00:54:37,691","00:54:39,401","Come on, Elliot, come on.",0,0.0,,,,3277.69,3279.4
678,"00:54:39,484","00:54:42,487","Congratulations to me! Come on, Elliot.",1,3.5,"#286, ","3282.58, ","3286.08, ",3279.48,3282.49
679,"00:54:42,988","00:54:45,156","Come on, Elliot.",0,0.0,,,,3282.99,3285.16
680,"00:54:45,615","00:54:47,075","Come on.""",1,3.5700000000001637,"#287, ","3286.74, ","3290.31, ",3285.61,3287.07
681,"00:54:52,163","00:54:54,332","""There are no more children in this playground.",0,0.0,,,,3292.16,3294.33
682,"00:54:54,416","00:54:56,626","Come on, Spencer. Come on!",1,1.0300000000002,"#288, ","3295.91, ","3296.94, ",3294.42,3296.63
683,"00:54:56,710","00:54:59,921","It's dark, Spencer, come on!""",2,2.5899999999996908,"#289, #290, ","3303.17, 3305.06, ","3304.16, 3306.66, ",3296.71,3299.92
684,"00:55:09,055","00:55:12,684","You had to, like, wait until your 20s to get your pussy eaten,",0,0.0,,,,3309.05,3312.68
685,"00:55:12,767","00:55:17,355",and even then it was not very good because it's very personal.,0,0.0,,,,3312.77,3317.36
686,"00:55:17,439","00:55:19,357",Do you know how long it took me,0,0.0,,,,3317.44,3319.36
687,"00:55:19,441","00:55:23,111",to train my husband to eat my pussy correctly?,0,0.0,,,,3319.44,3323.11
688,"00:55:24,195","00:55:26,614","I'm not going back out into the world,",0,0.0,,,,3324.2,3326.61
689,"00:55:26,698","00:55:29,576",find somebody new to coach all over again.,0,0.0,,,,3326.7,3329.58
690,"00:55:30,410","00:55:31,411",It's too much work.,0,0.0,,,,3330.41,3331.41
691,"00:55:31,494","00:55:34,914","All of that knowledge that my husband has now,",0,0.0,,,,3331.49,3334.91
692,"00:55:34,998","00:55:36,750","all that time I invested,",0,0.0,,,,3335.0,3336.75
693,"00:55:36,833","00:55:40,545",all of that muscle memory lives and dies with him.,0,0.0,,,,3336.83,3340.55
694,"00:55:40,628","00:55:43,548",You can't store that in some sort of Ipussy cloud,0,0.0,,,,3340.63,3343.55
695,"00:55:43,631","00:55:46,634",and then just download it to a new husband 2.0.,1,1.5399999999999636,"#291, ","3344.07, ","3345.61, ",3343.63,3346.63
696,"00:55:46,718","00:55:48,219",He is bespoke to me.,1,2.2199999999998,"#292, ","3348.01, ","3350.23, ",3346.72,3348.22
697,"00:55:49,262","00:55:50,388",Irreplaceable!,1,5.559999999999945,"#293, ","3351.18, ","3356.74, ",3349.26,3350.39
698,"00:55:52,349","00:55:53,183",Yes.,0,0.0,,,,3352.35,3353.18
699,"00:55:56,728","00:56:01,066","Look, many patient nights I wanted to fake it, okay?",0,0.0,,,,3356.73,3361.07
700,"00:56:01,149","00:56:06,071","But I knew that it was so fundamental for the long-term that he get it right,",0,0.0,,,,3361.15,3366.07
701,"00:56:06,154","00:56:11,409",and that lying to him would just be cheating myself.,1,1.3800000000001091,"#294, ","3371.0, ","3372.38, ",3366.15,3371.41
702,"00:56:12,619","00:56:15,121","And so, I would shove his head down there",0,0.0,,,,3372.62,3375.12
703,"00:56:15,205","00:56:18,833",and keep it down there until his face got prunie.,1,1.9100000000003092,"#295, ","3378.89, ","3380.8, ",3375.2,3378.83
704,"00:56:23,922","00:56:27,842","Many nights, he'd enter 7:00 p.m. looking like a 30-year-old man,",0,0.0,,,,3383.92,3387.84
705,"00:56:27,926","00:56:31,012",exit hours later looking like Tommy Lee Jones.,1,4.809999999999945,"#296, ","3390.85, ","3395.66, ",3387.93,3391.01
706,"00:56:35,725","00:56:38,269",You know how hard it is for a young Asian man,0,0.0,,,,3395.72,3398.27
707,"00:56:38,353","00:56:41,314",to suddenly transform into Tommy Lee Jones?,1,1.25,"#297, ","3401.13, ","3402.38, ",3398.35,3401.31
708,"00:56:44,901","00:56:48,196",I think a big part of being good at eating pussy,0,0.0,,,,3404.9,3408.2
709,"00:56:48,279","00:56:51,157","is that you just got to be into it, okay?",0,0.0,,,,3408.28,3411.16
710,"00:56:51,241","00:56:54,160","Do it with gusto, with enthusiasm.",0,0.0,,,,3411.24,3414.16
711,"00:56:54,244","00:56:57,414","It's a privilege, so act like you know, okay?",0,0.0,,,,3414.24,3417.41
712,"00:56:57,497","00:57:00,208","Yes! Yeah, don't hesitate. Don't...",3,6.349999999999909,"#298, #299, #300, ","3421.54, 3424.3, 3429.62, ","3423.19, 3428.02, 3430.6, ",3417.5,3420.21
713,"00:57:12,262","00:57:15,140",Like you're some toddler being forced to eat broccoli.,1,3.0599999999999454,"#301, ","3435.25, ","3438.31, ",3432.26,3435.14
714,"00:57:17,016","00:57:18,143",Get in there!,0,0.0,,,,3437.02,3438.14
715,"00:57:18,726","00:57:20,937","And hold your own goddamn head up, too,",0,0.0,,,,3438.73,3440.94
716,"00:57:21,020","00:57:23,773",don't use my thigh as a tripod and just...,5,7.730000000000018,"#302, #303, #304, #305, #306, ","3443.46, 3445.45, 3448.8, 3452.36, 3454.33, ","3444.72, 3447.33, 3451.11, 3452.9, 3456.07, ",3441.02,3443.77
717,"00:57:37,620","00:57:40,415",Fall into a food coma before you finish your meal.,1,1.400000000000091,"#307, ","3460.22, ","3461.62, ",3457.62,3460.41
718,"00:57:48,631","00:57:51,593","Lately, I have been ruminating a lot",0,0.0,,,,3468.63,3471.59
719,"00:57:51,676","00:57:55,180","over this one time I hooked up with this dude<i>,</i>",0,0.0,,,,3471.68,3475.18
720,"00:57:55,722","00:57:58,475","and in the middle of kissing,",0,0.0,,,,3475.72,3478.47
721,"00:57:58,558","00:58:02,437","I felt the responsibility to stop and say<i>,</i>",0,0.0,,,,3478.56,3482.44
722,"00:58:03,021","00:58:03,938","""Hey,",0,0.0,,,,3483.02,3483.94
723,"00:58:04,606","00:58:09,819",I should really let you know now before we go any further that...,0,0.0,,,,3484.61,3489.82
724,"00:58:10,945","00:58:12,238","I'm on my period.""",0,0.0,,,,3490.95,3492.24
725,"00:58:14,532","00:58:16,367","And he was like, ""Oh...",0,0.0,,,,3494.53,3496.37
726,"00:58:17,285","00:58:18,244",Well...,0,0.0,,,,3497.28,3498.24
727,"00:58:19,621","00:58:22,373","Then let's make a fucking mess, Ali!""",2,9.539999999999964,"#308, #309, ","3502.77, 3511.73, ","3508.7, 3515.34, ",3499.62,3502.37
728,"00:58:37,180","00:58:38,264","To this day,",0,0.0,,,,3517.18,3518.26
729,"00:58:38,348","00:58:42,352",that is the most romantic thing,1,6.089999999999691,"#310, ","3521.36, ","3527.45, ",3518.35,3522.35
730,"00:58:43,686","00:58:47,023",anybody has ever said to me.,1,0.6600000000003092,"#311, ","3528.87, ","3529.53, ",3523.69,3527.02
731,"00:58:49,150","00:58:53,446",I think about it when I feel down and ugly and no good.,0,0.0,,,,3529.15,3533.45
732,"00:58:53,530","00:58:57,784",All I have to do is remember that there was once a man out there who was willing to yank out my tampon and replace it with his dick!,0,0.0,,,,3533.53,3537.78
733,"00:59:02,205","00:59:03,998",It made me feel beautiful.,0,0.0,,,,3542.2,3544.0
734,"00:59:04,082","00:59:05,208",Beautiful!,1,6.910000000000309,"#312, ","3544.24, ","3551.15, ",3544.08,3545.21
735,"00:59:06,751","00:59:08,753",[cheers and applause,0,0.0,,,,3546.75,3548.75
736,"00:59:09,712","00:59:13,800",There is nothing more empowering and truly feminist,0,0.0,,,,3549.71,3553.8
737,"00:59:13,883","00:59:16,135",than what that man said that day.,0,0.0,,,,3553.88,3556.14
738,"00:59:16,219","00:59:18,888",That is straight up hashtag: I'm with her.,1,8.550000000000182,"#313, ","3559.0, ","3567.55, ",3556.22,3558.89
739,"00:59:29,649","00:59:34,362","You know, I think I used to be a much different comic",0,0.0,,,,3569.65,3574.36
740,"00:59:34,445","00:59:36,364",before I had the baby.,0,0.0,,,,3574.45,3576.36
741,"00:59:36,447","00:59:39,826",I used to do a lot more jokes,0,0.0,,,,3576.45,3579.83
742,"00:59:39,909","00:59:43,121",about sucking dick,0,0.0,,,,3579.91,3583.12
743,"00:59:43,913","00:59:46,708","and my pussy, but now...",0,0.0,,,,3583.91,3586.71
744,"00:59:49,043","00:59:51,421",not as many jokes about...,1,1.0,"#314, ","3590.79, ","3591.79, ",3589.04,3591.42
745,"00:59:52,964","00:59:54,382",sucking dick,0,0.0,,,,3592.96,3594.38
746,"00:59:54,924","00:59:57,719",and my pussy because...,0,0.0,,,,3594.92,3597.72
747,"00:59:59,721","01:00:01,514",I don't suck dick no more.,1,1.4800000000000182,"#315, ","3601.33, ","3602.81, ",3599.72,3601.51
748,"01:00:04,517","01:00:06,686","When you give birth to a baby,",0,0.0,,,,3604.52,3606.69
749,"01:00:06,769","01:00:10,857","they hand you a diploma that says, ""Congratulations,",0,0.0,,,,3606.77,3610.86
750,"01:00:10,940","01:00:14,777","you've earned the right to not suck dick out of obligation anymore.""",0,0.0,,,,3610.94,3614.78
751,"01:00:16,738","01:00:21,451","If my husband were to demand that I suck his dick,",0,0.0,,,,3616.74,3621.45
752,"01:00:23,369","01:00:25,079",I would laugh in his face.,1,2.100000000000364,"#316, ","3624.93, ","3627.03, ",3623.37,3625.08
753,"01:00:28,666","01:00:31,127","And then I would go to sleep, and guess what?",0,0.0,,,,3628.67,3631.13
754,"01:00:31,210","01:00:34,339","In the morning, he's still there, ain't no consequence.",0,0.0,,,,3631.21,3634.34
755,"01:00:34,922","01:00:38,718",We're handcuffed together by a baby and a mortgage,0,0.0,,,,3634.92,3638.72
756,"01:00:38,801","01:00:40,678","Checkmate, bitch. It's over.",0,0.0,,,,3638.8,3640.68
757,"01:00:40,762","01:00:42,680",You ain't got nowhere to run.,1,1.1599999999998545,"#317, ","3643.04, ","3644.2, ",3640.76,3642.68
758,"01:00:43,389","01:00:46,893","I don't gotta suck your dick anymore, you owe me money.",1,9.139999999999873,"#318, ","3646.88, ","3656.02, ",3643.39,3646.89
759,"01:00:56,110","01:00:59,364",And I don't do as many jokes about my pussy anymore,0,0.0,,,,3656.11,3659.36
760,"01:00:59,447","01:01:00,948",because my pussy...,0,0.0,,,,3659.45,3660.95
761,"01:01:01,991","01:01:02,992",is gone.,1,1.1799999999998363,"#319, ","3663.15, ","3664.33, ",3661.99,3662.99
762,"01:01:04,077","01:01:04,911",It's gone.,0,0.0,,,,3664.08,3664.91
763,"01:01:04,994","01:01:09,040","Physically it's quite intact because I had the C-section,",0,0.0,,,,3664.99,3669.04
764,"01:01:09,123","01:01:12,293",but emotionally and spiritually...,0,0.0,,,,3669.12,3672.29
765,"01:01:14,253","01:01:16,297",<i>Ghost in the Shell.</i>,1,1.1300000000001091,"#320, ","3676.31, ","3677.44, ",3674.25,3676.3
766,"01:01:17,757","01:01:19,676","<i>Ghost in the Shell,</i>",0,0.0,,,,3677.76,3679.68
767,"01:01:19,759","01:01:23,304",it's an Asian character being played by Scarlett Johansson!,2,3.019999999999527,"#321, #322, ","3683.4, 3685.28, ","3685.16, 3686.54, ",3679.76,3683.3
768,"01:01:25,431","01:01:26,516",Yeah.,0,0.0,,,,3685.43,3686.52
769,"01:01:26,599","01:01:28,601","My husband and I, we don't fuck no more.",0,0.0,,,,3686.6,3688.6
770,"01:01:28,685","01:01:30,436",We just jack off side-by-side,0,0.0,,,,3688.68,3690.44
771,"01:01:30,520","01:01:32,772",while we fantasize about Puerto Rican people.,1,1.7300000000000182,"#323, ","3692.93, ","3694.66, ",3690.52,3692.77
772,"01:01:34,399","01:01:37,318","I don't have the energy to climb on top of him,",0,0.0,,,,3694.4,3697.32
773,"01:01:37,402","01:01:38,695","clean up after sex,",0,0.0,,,,3697.4,3698.7
774,"01:01:38,778","01:01:42,990",put that towel on the bed to absorb that post-sex wet spot.,0,0.0,,,,3698.78,3702.99
775,"01:01:44,158","01:01:48,079","You know, that perfectly round-ass wet spot on the bed",1,0.8400000000001455,"#324, ","3705.73, ","3706.57, ",3704.16,3708.08
776,"01:01:48,621","01:01:50,915",that gets all cold in the winter time.,1,0.8600000000001273,"#325, ","3710.91, ","3711.77, ",3708.62,3710.91
777,"01:01:53,835","01:01:55,545",It's like an ice fishing hole.,1,2.550000000000182,"#326, ","3715.43, ","3717.98, ",3713.84,3715.55
778,"01:01:57,880","01:01:59,966",Because it smells like penguins.,1,1.0199999999999818,"#327, ","3720.03, ","3721.05, ",3717.88,3719.97
779,"01:02:02,468","01:02:04,721",And is narrated by Morgan Freeman.,1,0.6200000000003456,"#328, ","3724.97, ","3725.59, ",3722.47,3724.72
780,"01:02:05,012","01:02:07,807","All right, I've been Ali Wong. Have a good night, everybody. Thank you!",2,2.9099999999998545,"#329, #330, ","3726.81, 3729.76, ","3728.4, 3731.08, ",3725.01,3727.81
781,"01:02:12,145","01:02:14,647",<i>♪ Graphic displays melt the steel</i> <i>Like blacksmiths ♪</i>,1,1.1400000000003274,"#331, ","3732.7, ","3733.84, ",3732.14,3734.65
782,"01:02:14,731","01:02:17,150",<i>♪ Black Wu jackets</i> <i>Queen Beez ease the guns in ♪</i>,1,1.180000000000291,"#332, ","3735.24, ","3736.42, ",3734.73,3737.15
783,"01:02:17,233","01:02:19,569",<i>♪ Rumblin' patrolmen</i> <i>Tear gas laced the function ♪</i>,1,1.300000000000182,"#333, ","3737.91, ","3739.21, ",3737.23,3739.57
784,"01:02:19,861","01:02:22,155",<i>♪ Heads by the score take flight</i> <i>Incite a war ♪</i>,1,1.3299999999999272,"#334, ","3740.56, ","3741.89, ",3739.86,3742.16
785,"01:02:22,238","01:02:24,991",<i>♪ Chicks hit the floor</i> <i>Die hard fans demand more ♪</i>,1,3.2800000000002,"#335, ","3743.49, ","3746.77, ",3742.24,3744.99
786,"01:02:25,074","01:02:27,785",<i>♪ Behold the bold soldier</i> <i>Control the globe slowly ♪</i>,0,0.0,,,,3745.07,3747.78
787,"01:02:27,869","01:02:30,413",<i>♪ Proceeds to blow</i> <i>Swingin' swords like Shinobi ♪</i>,1,1.0700000000001637,"#336, ","3748.47, ","3749.54, ",3747.87,3750.41
788,"01:02:30,496","01:02:32,874",<i>♪ Stomp grounds</i> <i>I pound footprints in solid rock ♪</i>,0,0.0,,,,3750.5,3752.87
789,"01:02:32,957","01:02:35,668",<i>♪ Wu got it locked</i> <i>Performin' live on your hottest block ♪</i>,1,3.069999999999709,"#337, ","3754.05, ","3757.12, ",3752.96,3755.67
790,"01:02:35,752","01:02:37,420",<i>♪ As the world turns</i> <i>I spread like germs ♪</i>,0,0.0,,,,3755.75,3757.42
791,"01:02:37,503","01:02:39,380",<i>♪ Bless the globe with the pestilence ♪</i>,0,0.0,,,,3757.5,3759.38
792,"01:02:39,464","01:02:40,757",<i>♪ The hard-headed never learn ♪</i>,0,0.0,,,,3759.46,3760.76
793,"01:02:40,840","01:02:42,508",<i>♪ It's my testament to those burned ♪</i>,1,1.0100000000002183,"#338, ","3761.27, ","3762.28, ",3760.84,3762.51
794,"01:02:42,592","01:02:45,136",<i>♪ Play my position in the game of life</i> <i>Standing firm ♪</i>,1,2.0,"#339, ","3763.25, ","3765.25, ",3762.59,3765.14
795,"01:02:45,219","01:02:48,723","<i>♪ On foreign land, jump the gun</i> <i>Out the frying pan into the fire ♪</i>",1,5.010000000000218,"#340, ","3768.18, ","3773.19, ",3765.22,3768.72
796,"01:02:48,806","01:02:51,350",<i>♪ Transform into the Ghostrider</i> <i>Or Six Pack ♪</i>,0,0.0,,,,3768.81,3771.35
797,"01:02:51,434","01:02:53,895",<i>♪ </i>In A Streetcar Named Desire <i>Who got my back? ♪</i>,0,0.0,,,,3771.43,3773.89
798,"01:02:53,978","01:02:56,022",<i>♪ In the line of fire holding back</i> <i>What? ♪</i>,1,3.7199999999998,"#341, ","3775.09, ","3778.81, ",3773.98,3776.02
799,"01:02:56,105","01:02:58,316",<i>♪ My peoples if you with me</i> <i>Where the fuck you at? ♪</i>,0,0.0,,,,3776.11,3778.32
800,"01:02:58,399","01:03:00,902",<i>♪ Niggas is strapped</i> <i>And they trying to twist my beer cap ♪</i>,0,0.0,,,,3778.4,3780.9
801,"01:03:00,985","01:03:03,696",<i>♪ It's court adjourned</i> <i>For the bad seed from bad sperm ♪</i>,0,0.0,,,,3780.99,3783.7
802,"01:03:03,780","01:03:06,449",<i>♪ Herb got my wig fried like a bad perm ♪</i>,1,1.2799999999997453,"#342, ","3785.15, ","3786.43, ",3783.78,3786.45
803,"01:03:06,532","01:03:09,118",<i>♪ What the blood clot</i> <i>We smoke pot ♪</i>,0,0.0,,,,3786.53,3789.12
804,"01:03:09,202","01:03:11,496","<i>♪ And blow spots</i> <i>You want to think twice, I think not ♪</i>",0,0.0,,,,3789.2,3791.5
805,"01:03:11,579","01:03:14,373",<i>♪ The Iron Lung ain't got to tell you</i> <i>Where it's coming from ♪</i>,0,0.0,,,,3791.58,3794.37
806,"01:03:14,457","01:03:16,667",<i>♪ Guns of Navarone</i> <i>Tearing up your battle zone ♪</i>,1,1.2799999999997453,"#343, ","3795.88, ","3797.16, ",3794.46,3796.67
807,"01:03:16,751","01:03:17,752",<i>♪ Rip through your slums ♪</i>,0,0.0,,,,3796.75,3797.75
808,"01:03:17,835","01:03:20,171",<i>♪ I twist darts from the heart</i> <i>Tried and true ♪</i>,0,0.0,,,,3797.84,3800.17
809,"01:03:20,254","01:03:23,549",<i>♪ Loot my voice on the LP</i> <i>My team is on to slang rocks ♪</i>,0,0.0,,,,3800.25,3803.55
810,"01:03:23,633","01:03:26,886",<i>♪ Certified chatterbox</i> <i>Vocabulary 'Donna talking ♪</i>,0,0.0,,,,3803.63,3806.89
811,"01:03:26,969","01:03:28,304",<i>♪ Tell your story walking ♪</i>,0,0.0,,,,3806.97,3808.3
812,"01:03:28,387","01:03:31,182","<i>♪ Take cover kid, what?</i> <i>Run for your brother, kid ♪</i> <i>♪ Run for your team</i> <i>And your six camp rhyme groupies ♪</i>",0,0.0,,,,3808.39,3811.18
813,"01:03:34,143","01:03:37,480",<i>♪ So I can squeeze with the advantage</i> <i>And get wasted ♪</i>,0,0.0,,,,3814.14,3817.48
814,"01:03:37,563","01:03:39,232",<i>♪ My deadly notes reigns supreme ♪</i>,0,0.0,,,,3817.56,3819.23
815,"01:03:39,315","01:03:41,484",<i>♪ Your fort is basic compared to mine ♪</i>,0,0.0,,,,3819.32,3821.48
816,"01:03:41,567","01:03:43,486","<i>♪ Domino effect, arts and crafts ♪</i> <i>♪ Paragraphs contain cyanide ♪</i>",0,0.0,,,,3821.57,3823.49
817,"01:03:45,571","01:03:46,989",<i>♪ Take a free ride on my thought ♪</i>,0,0.0,,,,3825.57,3826.99
818,"01:03:47,073","01:03:49,492",<i>♪ I got the fashion catalog</i> <i>For all y'all ♪</i>,0,0.0,,,,3827.07,3829.49
819,"01:03:49,575","01:03:51,327",<i>♪ To all praise to the Gods ♪</i>,0,0.0,,,,3829.57,3831.33
820,"01:03:51,410","01:03:52,495",<i>♪ The saga continues ♪</i>,0,0.0,,,,3831.41,3832.49
821,"01:03:52,995","01:03:54,705","<i>♪ Wu-Tang, Wu-Tang ♪</i>",0,0.0,,,,3832.99,3834.7
