,filename,laughs,start,end,threshold,duration
0,Trevor.Noah.Son.of.Patricia.2018.WEB.DL.x264.iKA-music.wav,/laughs/laugh_0.wav,11.88,14.08,0.7,0.3
1,Trevor.Noah.Son.of.Patricia.2018.WEB.DL.x264.iKA-music.wav,/laughs/laugh_1.wav,15.1,16.91,0.7,0.3
2,Trevor.Noah.Son.of.Patricia.2018.WEB.DL.x264.iKA-music.wav,/laughs/laugh_2.wav,24.46,26.39,0.7,0.3
3,Trevor.Noah.Son.of.Patricia.2018.WEB.DL.x264.iKA-music.wav,/laughs/laugh_3.wav,26.67,28.68,0.7,0.3
4,Trevor.Noah.Son.of.Patricia.2018.WEB.DL.x264.iKA-music.wav,/laughs/laugh_4.wav,34.79,36.22,0.7,0.3
5,Trevor.Noah.Son.of.Patricia.2018.WEB.DL.x264.iKA-music.wav,/laughs/laugh_5.wav,37.16,37.52,0.7,0.3
6,Trevor.Noah.Son.of.Patricia.2018.WEB.DL.x264.iKA-music.wav,/laughs/laugh_6.wav,42.56,45.67,0.7,0.3
7,Trevor.Noah.Son.of.Patricia.2018.WEB.DL.x264.iKA-music.wav,/laughs/laugh_7.wav,46.78,47.35,0.7,0.3
8,Trevor.Noah.Son.of.Patricia.2018.WEB.DL.x264.iKA-music.wav,/laughs/laugh_8.wav,73.21,74.66,0.7,0.3
9,Trevor.Noah.Son.of.Patricia.2018.WEB.DL.x264.iKA-music.wav,/laughs/laugh_9.wav,90.32,90.78,0.7,0.3
10,Trevor.Noah.Son.of.Patricia.2018.WEB.DL.x264.iKA-music.wav,/laughs/laugh_10.wav,127.5,134.76,0.7,0.3
11,Trevor.Noah.Son.of.Patricia.2018.WEB.DL.x264.iKA-music.wav,/laughs/laugh_11.wav,135.29,136.19,0.7,0.3
12,Trevor.Noah.Son.of.Patricia.2018.WEB.DL.x264.iKA-music.wav,/laughs/laugh_12.wav,139.02,140.21,0.7,0.3
13,Trevor.Noah.Son.of.Patricia.2018.WEB.DL.x264.iKA-music.wav,/laughs/laugh_13.wav,148.45,156.44,0.7,0.3
14,Trevor.Noah.Son.of.Patricia.2018.WEB.DL.x264.iKA-music.wav,/laughs/laugh_14.wav,160.95,161.98,0.7,0.3
15,Trevor.Noah.Son.of.Patricia.2018.WEB.DL.x264.iKA-music.wav,/laughs/laugh_15.wav,240.77,242.15,0.7,0.3
16,Trevor.Noah.Son.of.Patricia.2018.WEB.DL.x264.iKA-music.wav,/laughs/laugh_16.wav,243.98,244.55,0.7,0.3
17,Trevor.Noah.Son.of.Patricia.2018.WEB.DL.x264.iKA-music.wav,/laughs/laugh_17.wav,245.7,246.04,0.7,0.3
18,Trevor.Noah.Son.of.Patricia.2018.WEB.DL.x264.iKA-music.wav,/laughs/laugh_18.wav,251.03,251.41,0.7,0.3
19,Trevor.Noah.Son.of.Patricia.2018.WEB.DL.x264.iKA-music.wav,/laughs/laugh_19.wav,260.57,261.86,0.7,0.3
20,Trevor.Noah.Son.of.Patricia.2018.WEB.DL.x264.iKA-music.wav,/laughs/laugh_20.wav,267.48,268.25,0.7,0.3
21,Trevor.Noah.Son.of.Patricia.2018.WEB.DL.x264.iKA-music.wav,/laughs/laugh_21.wav,328.81,330.01,0.7,0.3
22,Trevor.Noah.Son.of.Patricia.2018.WEB.DL.x264.iKA-music.wav,/laughs/laugh_22.wav,362.96,364.13,0.7,0.3
23,Trevor.Noah.Son.of.Patricia.2018.WEB.DL.x264.iKA-music.wav,/laughs/laugh_23.wav,369.34,369.71,0.7,0.3
24,Trevor.Noah.Son.of.Patricia.2018.WEB.DL.x264.iKA-music.wav,/laughs/laugh_24.wav,397.97,398.34,0.7,0.3
25,Trevor.Noah.Son.of.Patricia.2018.WEB.DL.x264.iKA-music.wav,/laughs/laugh_25.wav,399.29,400.29,0.7,0.3
26,Trevor.Noah.Son.of.Patricia.2018.WEB.DL.x264.iKA-music.wav,/laughs/laugh_26.wav,470.48,471.69,0.7,0.3
27,Trevor.Noah.Son.of.Patricia.2018.WEB.DL.x264.iKA-music.wav,/laughs/laugh_27.wav,521.05,521.75,0.7,0.3
28,Trevor.Noah.Son.of.Patricia.2018.WEB.DL.x264.iKA-music.wav,/laughs/laugh_28.wav,533.7,534.08,0.7,0.3
29,Trevor.Noah.Son.of.Patricia.2018.WEB.DL.x264.iKA-music.wav,/laughs/laugh_29.wav,546.93,548.18,0.7,0.3
30,Trevor.Noah.Son.of.Patricia.2018.WEB.DL.x264.iKA-music.wav,/laughs/laugh_30.wav,596.28,597.37,0.7,0.3
31,Trevor.Noah.Son.of.Patricia.2018.WEB.DL.x264.iKA-music.wav,/laughs/laugh_31.wav,610.71,611.87,0.7,0.3
32,Trevor.Noah.Son.of.Patricia.2018.WEB.DL.x264.iKA-music.wav,/laughs/laugh_32.wav,616.21,616.66,0.7,0.3
33,Trevor.Noah.Son.of.Patricia.2018.WEB.DL.x264.iKA-music.wav,/laughs/laugh_33.wav,625.05,625.55,0.7,0.3
34,Trevor.Noah.Son.of.Patricia.2018.WEB.DL.x264.iKA-music.wav,/laughs/laugh_34.wav,629.61,630.35,0.7,0.3
35,Trevor.Noah.Son.of.Patricia.2018.WEB.DL.x264.iKA-music.wav,/laughs/laugh_35.wav,640.62,641.98,0.7,0.3
36,Trevor.Noah.Son.of.Patricia.2018.WEB.DL.x264.iKA-music.wav,/laughs/laugh_36.wav,651.71,652.34,0.7,0.3
37,Trevor.Noah.Son.of.Patricia.2018.WEB.DL.x264.iKA-music.wav,/laughs/laugh_37.wav,658.32,660.41,0.7,0.3
38,Trevor.Noah.Son.of.Patricia.2018.WEB.DL.x264.iKA-music.wav,/laughs/laugh_38.wav,668.81,669.4,0.7,0.3
39,Trevor.Noah.Son.of.Patricia.2018.WEB.DL.x264.iKA-music.wav,/laughs/laugh_39.wav,673.8,676.63,0.7,0.3
40,Trevor.Noah.Son.of.Patricia.2018.WEB.DL.x264.iKA-music.wav,/laughs/laugh_40.wav,695.46,696.19,0.7,0.3
41,Trevor.Noah.Son.of.Patricia.2018.WEB.DL.x264.iKA-music.wav,/laughs/laugh_41.wav,700.3,705.02,0.7,0.3
42,Trevor.Noah.Son.of.Patricia.2018.WEB.DL.x264.iKA-music.wav,/laughs/laugh_42.wav,723.74,724.17,0.7,0.3
43,Trevor.Noah.Son.of.Patricia.2018.WEB.DL.x264.iKA-music.wav,/laughs/laugh_43.wav,765.18,765.95,0.7,0.3
44,Trevor.Noah.Son.of.Patricia.2018.WEB.DL.x264.iKA-music.wav,/laughs/laugh_44.wav,790.4,791.14,0.7,0.3
45,Trevor.Noah.Son.of.Patricia.2018.WEB.DL.x264.iKA-music.wav,/laughs/laugh_45.wav,821.72,822.3,0.7,0.3
46,Trevor.Noah.Son.of.Patricia.2018.WEB.DL.x264.iKA-music.wav,/laughs/laugh_46.wav,828.65,830.03,0.7,0.3
47,Trevor.Noah.Son.of.Patricia.2018.WEB.DL.x264.iKA-music.wav,/laughs/laugh_47.wav,857.29,858.46,0.7,0.3
48,Trevor.Noah.Son.of.Patricia.2018.WEB.DL.x264.iKA-music.wav,/laughs/laugh_48.wav,861.65,862.41,0.7,0.3
49,Trevor.Noah.Son.of.Patricia.2018.WEB.DL.x264.iKA-music.wav,/laughs/laugh_49.wav,867.72,868.38,0.7,0.3
50,Trevor.Noah.Son.of.Patricia.2018.WEB.DL.x264.iKA-music.wav,/laughs/laugh_50.wav,898.57,899.39,0.7,0.3
51,Trevor.Noah.Son.of.Patricia.2018.WEB.DL.x264.iKA-music.wav,/laughs/laugh_51.wav,903.08,903.96,0.7,0.3
52,Trevor.Noah.Son.of.Patricia.2018.WEB.DL.x264.iKA-music.wav,/laughs/laugh_52.wav,906.58,908.2,0.7,0.3
53,Trevor.Noah.Son.of.Patricia.2018.WEB.DL.x264.iKA-music.wav,/laughs/laugh_53.wav,942.18,942.8,0.7,0.3
54,Trevor.Noah.Son.of.Patricia.2018.WEB.DL.x264.iKA-music.wav,/laughs/laugh_54.wav,944.7,945.21,0.7,0.3
55,Trevor.Noah.Son.of.Patricia.2018.WEB.DL.x264.iKA-music.wav,/laughs/laugh_55.wav,965.92,966.75,0.7,0.3
56,Trevor.Noah.Son.of.Patricia.2018.WEB.DL.x264.iKA-music.wav,/laughs/laugh_56.wav,967.14,969.33,0.7,0.3
57,Trevor.Noah.Son.of.Patricia.2018.WEB.DL.x264.iKA-music.wav,/laughs/laugh_57.wav,1005.27,1005.6,0.7,0.3
58,Trevor.Noah.Son.of.Patricia.2018.WEB.DL.x264.iKA-music.wav,/laughs/laugh_58.wav,1042.35,1043.0,0.7,0.3
59,Trevor.Noah.Son.of.Patricia.2018.WEB.DL.x264.iKA-music.wav,/laughs/laugh_59.wav,1051.0,1051.47,0.7,0.3
60,Trevor.Noah.Son.of.Patricia.2018.WEB.DL.x264.iKA-music.wav,/laughs/laugh_60.wav,1064.42,1066.84,0.7,0.3
61,Trevor.Noah.Son.of.Patricia.2018.WEB.DL.x264.iKA-music.wav,/laughs/laugh_61.wav,1086.13,1086.68,0.7,0.3
62,Trevor.Noah.Son.of.Patricia.2018.WEB.DL.x264.iKA-music.wav,/laughs/laugh_62.wav,1106.8,1108.19,0.7,0.3
63,Trevor.Noah.Son.of.Patricia.2018.WEB.DL.x264.iKA-music.wav,/laughs/laugh_63.wav,1110.18,1111.23,0.7,0.3
64,Trevor.Noah.Son.of.Patricia.2018.WEB.DL.x264.iKA-music.wav,/laughs/laugh_64.wav,1117.76,1119.28,0.7,0.3
65,Trevor.Noah.Son.of.Patricia.2018.WEB.DL.x264.iKA-music.wav,/laughs/laugh_65.wav,1119.95,1121.32,0.7,0.3
66,Trevor.Noah.Son.of.Patricia.2018.WEB.DL.x264.iKA-music.wav,/laughs/laugh_66.wav,1123.07,1126.25,0.7,0.3
67,Trevor.Noah.Son.of.Patricia.2018.WEB.DL.x264.iKA-music.wav,/laughs/laugh_67.wav,1132.99,1135.35,0.7,0.3
68,Trevor.Noah.Son.of.Patricia.2018.WEB.DL.x264.iKA-music.wav,/laughs/laugh_68.wav,1148.52,1150.87,0.7,0.3
69,Trevor.Noah.Son.of.Patricia.2018.WEB.DL.x264.iKA-music.wav,/laughs/laugh_69.wav,1216.87,1217.82,0.7,0.3
70,Trevor.Noah.Son.of.Patricia.2018.WEB.DL.x264.iKA-music.wav,/laughs/laugh_70.wav,1238.62,1238.93,0.7,0.3
71,Trevor.Noah.Son.of.Patricia.2018.WEB.DL.x264.iKA-music.wav,/laughs/laugh_71.wav,1240.84,1241.26,0.7,0.3
72,Trevor.Noah.Son.of.Patricia.2018.WEB.DL.x264.iKA-music.wav,/laughs/laugh_72.wav,1245.46,1250.5,0.7,0.3
73,Trevor.Noah.Son.of.Patricia.2018.WEB.DL.x264.iKA-music.wav,/laughs/laugh_73.wav,1259.09,1259.65,0.7,0.3
74,Trevor.Noah.Son.of.Patricia.2018.WEB.DL.x264.iKA-music.wav,/laughs/laugh_74.wav,1285.68,1299.2,0.7,0.3
75,Trevor.Noah.Son.of.Patricia.2018.WEB.DL.x264.iKA-music.wav,/laughs/laugh_75.wav,1300.68,1301.07,0.7,0.3
76,Trevor.Noah.Son.of.Patricia.2018.WEB.DL.x264.iKA-music.wav,/laughs/laugh_76.wav,1302.55,1304.1,0.7,0.3
77,Trevor.Noah.Son.of.Patricia.2018.WEB.DL.x264.iKA-music.wav,/laughs/laugh_77.wav,1307.0,1307.89,0.7,0.3
78,Trevor.Noah.Son.of.Patricia.2018.WEB.DL.x264.iKA-music.wav,/laughs/laugh_78.wav,1336.57,1338.05,0.7,0.3
79,Trevor.Noah.Son.of.Patricia.2018.WEB.DL.x264.iKA-music.wav,/laughs/laugh_79.wav,1385.12,1386.62,0.7,0.3
80,Trevor.Noah.Son.of.Patricia.2018.WEB.DL.x264.iKA-music.wav,/laughs/laugh_80.wav,1392.56,1393.66,0.7,0.3
81,Trevor.Noah.Son.of.Patricia.2018.WEB.DL.x264.iKA-music.wav,/laughs/laugh_81.wav,1417.72,1418.06,0.7,0.3
82,Trevor.Noah.Son.of.Patricia.2018.WEB.DL.x264.iKA-music.wav,/laughs/laugh_82.wav,1439.03,1439.63,0.7,0.3
83,Trevor.Noah.Son.of.Patricia.2018.WEB.DL.x264.iKA-music.wav,/laughs/laugh_83.wav,1462.29,1462.98,0.7,0.3
84,Trevor.Noah.Son.of.Patricia.2018.WEB.DL.x264.iKA-music.wav,/laughs/laugh_84.wav,1473.05,1473.5,0.7,0.3
85,Trevor.Noah.Son.of.Patricia.2018.WEB.DL.x264.iKA-music.wav,/laughs/laugh_85.wav,1482.68,1483.66,0.7,0.3
86,Trevor.Noah.Son.of.Patricia.2018.WEB.DL.x264.iKA-music.wav,/laughs/laugh_86.wav,1501.01,1509.77,0.7,0.3
87,Trevor.Noah.Son.of.Patricia.2018.WEB.DL.x264.iKA-music.wav,/laughs/laugh_87.wav,1516.32,1517.74,0.7,0.3
88,Trevor.Noah.Son.of.Patricia.2018.WEB.DL.x264.iKA-music.wav,/laughs/laugh_88.wav,1519.96,1521.89,0.7,0.3
89,Trevor.Noah.Son.of.Patricia.2018.WEB.DL.x264.iKA-music.wav,/laughs/laugh_89.wav,1526.42,1528.08,0.7,0.3
90,Trevor.Noah.Son.of.Patricia.2018.WEB.DL.x264.iKA-music.wav,/laughs/laugh_90.wav,1543.6,1544.62,0.7,0.3
91,Trevor.Noah.Son.of.Patricia.2018.WEB.DL.x264.iKA-music.wav,/laughs/laugh_91.wav,1557.45,1558.98,0.7,0.3
92,Trevor.Noah.Son.of.Patricia.2018.WEB.DL.x264.iKA-music.wav,/laughs/laugh_92.wav,1566.84,1568.74,0.7,0.3
93,Trevor.Noah.Son.of.Patricia.2018.WEB.DL.x264.iKA-music.wav,/laughs/laugh_93.wav,1580.49,1584.91,0.7,0.3
94,Trevor.Noah.Son.of.Patricia.2018.WEB.DL.x264.iKA-music.wav,/laughs/laugh_94.wav,1585.94,1586.72,0.7,0.3
95,Trevor.Noah.Son.of.Patricia.2018.WEB.DL.x264.iKA-music.wav,/laughs/laugh_95.wav,1597.78,1598.78,0.7,0.3
96,Trevor.Noah.Son.of.Patricia.2018.WEB.DL.x264.iKA-music.wav,/laughs/laugh_96.wav,1625.5,1626.12,0.7,0.3
97,Trevor.Noah.Son.of.Patricia.2018.WEB.DL.x264.iKA-music.wav,/laughs/laugh_97.wav,1656.71,1657.4,0.7,0.3
98,Trevor.Noah.Son.of.Patricia.2018.WEB.DL.x264.iKA-music.wav,/laughs/laugh_98.wav,1692.64,1693.81,0.7,0.3
99,Trevor.Noah.Son.of.Patricia.2018.WEB.DL.x264.iKA-music.wav,/laughs/laugh_99.wav,1698.29,1698.98,0.7,0.3
100,Trevor.Noah.Son.of.Patricia.2018.WEB.DL.x264.iKA-music.wav,/laughs/laugh_100.wav,1710.53,1711.87,0.7,0.3
101,Trevor.Noah.Son.of.Patricia.2018.WEB.DL.x264.iKA-music.wav,/laughs/laugh_101.wav,1713.93,1714.73,0.7,0.3
102,Trevor.Noah.Son.of.Patricia.2018.WEB.DL.x264.iKA-music.wav,/laughs/laugh_102.wav,1723.42,1723.79,0.7,0.3
103,Trevor.Noah.Son.of.Patricia.2018.WEB.DL.x264.iKA-music.wav,/laughs/laugh_103.wav,1726.32,1726.79,0.7,0.3
104,Trevor.Noah.Son.of.Patricia.2018.WEB.DL.x264.iKA-music.wav,/laughs/laugh_104.wav,1750.87,1751.75,0.7,0.3
105,Trevor.Noah.Son.of.Patricia.2018.WEB.DL.x264.iKA-music.wav,/laughs/laugh_105.wav,1782.66,1792.98,0.7,0.3
106,Trevor.Noah.Son.of.Patricia.2018.WEB.DL.x264.iKA-music.wav,/laughs/laugh_106.wav,1807.97,1808.72,0.7,0.3
107,Trevor.Noah.Son.of.Patricia.2018.WEB.DL.x264.iKA-music.wav,/laughs/laugh_107.wav,1879.6,1880.21,0.7,0.3
108,Trevor.Noah.Son.of.Patricia.2018.WEB.DL.x264.iKA-music.wav,/laughs/laugh_108.wav,1881.49,1882.76,0.7,0.3
109,Trevor.Noah.Son.of.Patricia.2018.WEB.DL.x264.iKA-music.wav,/laughs/laugh_109.wav,1918.35,1920.35,0.7,0.3
110,Trevor.Noah.Son.of.Patricia.2018.WEB.DL.x264.iKA-music.wav,/laughs/laugh_110.wav,1954.0,1954.99,0.7,0.3
111,Trevor.Noah.Son.of.Patricia.2018.WEB.DL.x264.iKA-music.wav,/laughs/laugh_111.wav,1973.81,1974.61,0.7,0.3
112,Trevor.Noah.Son.of.Patricia.2018.WEB.DL.x264.iKA-music.wav,/laughs/laugh_112.wav,2008.06,2009.84,0.7,0.3
113,Trevor.Noah.Son.of.Patricia.2018.WEB.DL.x264.iKA-music.wav,/laughs/laugh_113.wav,2010.36,2012.17,0.7,0.3
114,Trevor.Noah.Son.of.Patricia.2018.WEB.DL.x264.iKA-music.wav,/laughs/laugh_114.wav,2014.16,2014.88,0.7,0.3
115,Trevor.Noah.Son.of.Patricia.2018.WEB.DL.x264.iKA-music.wav,/laughs/laugh_115.wav,2051.99,2054.81,0.7,0.3
116,Trevor.Noah.Son.of.Patricia.2018.WEB.DL.x264.iKA-music.wav,/laughs/laugh_116.wav,2056.33,2056.99,0.7,0.3
117,Trevor.Noah.Son.of.Patricia.2018.WEB.DL.x264.iKA-music.wav,/laughs/laugh_117.wav,2058.83,2059.62,0.7,0.3
118,Trevor.Noah.Son.of.Patricia.2018.WEB.DL.x264.iKA-music.wav,/laughs/laugh_118.wav,2081.2,2081.96,0.7,0.3
119,Trevor.Noah.Son.of.Patricia.2018.WEB.DL.x264.iKA-music.wav,/laughs/laugh_119.wav,2084.59,2086.22,0.7,0.3
120,Trevor.Noah.Son.of.Patricia.2018.WEB.DL.x264.iKA-music.wav,/laughs/laugh_120.wav,2095.72,2096.93,0.7,0.3
121,Trevor.Noah.Son.of.Patricia.2018.WEB.DL.x264.iKA-music.wav,/laughs/laugh_121.wav,2126.9,2132.87,0.7,0.3
122,Trevor.Noah.Son.of.Patricia.2018.WEB.DL.x264.iKA-music.wav,/laughs/laugh_122.wav,2146.77,2148.16,0.7,0.3
123,Trevor.Noah.Son.of.Patricia.2018.WEB.DL.x264.iKA-music.wav,/laughs/laugh_123.wav,2156.75,2157.26,0.7,0.3
124,Trevor.Noah.Son.of.Patricia.2018.WEB.DL.x264.iKA-music.wav,/laughs/laugh_124.wav,2190.42,2191.82,0.7,0.3
125,Trevor.Noah.Son.of.Patricia.2018.WEB.DL.x264.iKA-music.wav,/laughs/laugh_125.wav,2192.16,2197.6,0.7,0.3
126,Trevor.Noah.Son.of.Patricia.2018.WEB.DL.x264.iKA-music.wav,/laughs/laugh_126.wav,2199.91,2200.84,0.7,0.3
127,Trevor.Noah.Son.of.Patricia.2018.WEB.DL.x264.iKA-music.wav,/laughs/laugh_127.wav,2203.5,2204.09,0.7,0.3
128,Trevor.Noah.Son.of.Patricia.2018.WEB.DL.x264.iKA-music.wav,/laughs/laugh_128.wav,2220.3,2221.36,0.7,0.3
129,Trevor.Noah.Son.of.Patricia.2018.WEB.DL.x264.iKA-music.wav,/laughs/laugh_129.wav,2227.2,2228.28,0.7,0.3
130,Trevor.Noah.Son.of.Patricia.2018.WEB.DL.x264.iKA-music.wav,/laughs/laugh_130.wav,2230.07,2230.44,0.7,0.3
131,Trevor.Noah.Son.of.Patricia.2018.WEB.DL.x264.iKA-music.wav,/laughs/laugh_131.wav,2253.67,2254.05,0.7,0.3
132,Trevor.Noah.Son.of.Patricia.2018.WEB.DL.x264.iKA-music.wav,/laughs/laugh_132.wav,2258.66,2258.99,0.7,0.3
133,Trevor.Noah.Son.of.Patricia.2018.WEB.DL.x264.iKA-music.wav,/laughs/laugh_133.wav,2279.1,2279.8,0.7,0.3
134,Trevor.Noah.Son.of.Patricia.2018.WEB.DL.x264.iKA-music.wav,/laughs/laugh_134.wav,2286.78,2288.02,0.7,0.3
135,Trevor.Noah.Son.of.Patricia.2018.WEB.DL.x264.iKA-music.wav,/laughs/laugh_135.wav,2291.72,2292.53,0.7,0.3
136,Trevor.Noah.Son.of.Patricia.2018.WEB.DL.x264.iKA-music.wav,/laughs/laugh_136.wav,2293.87,2294.32,0.7,0.3
137,Trevor.Noah.Son.of.Patricia.2018.WEB.DL.x264.iKA-music.wav,/laughs/laugh_137.wav,2310.53,2311.18,0.7,0.3
138,Trevor.Noah.Son.of.Patricia.2018.WEB.DL.x264.iKA-music.wav,/laughs/laugh_138.wav,2326.29,2327.8,0.7,0.3
139,Trevor.Noah.Son.of.Patricia.2018.WEB.DL.x264.iKA-music.wav,/laughs/laugh_139.wav,2337.48,2337.97,0.7,0.3
140,Trevor.Noah.Son.of.Patricia.2018.WEB.DL.x264.iKA-music.wav,/laughs/laugh_140.wav,2358.97,2359.61,0.7,0.3
141,Trevor.Noah.Son.of.Patricia.2018.WEB.DL.x264.iKA-music.wav,/laughs/laugh_141.wav,2381.49,2384.33,0.7,0.3
142,Trevor.Noah.Son.of.Patricia.2018.WEB.DL.x264.iKA-music.wav,/laughs/laugh_142.wav,2415.41,2416.38,0.7,0.3
143,Trevor.Noah.Son.of.Patricia.2018.WEB.DL.x264.iKA-music.wav,/laughs/laugh_143.wav,2427.68,2428.07,0.7,0.3
144,Trevor.Noah.Son.of.Patricia.2018.WEB.DL.x264.iKA-music.wav,/laughs/laugh_144.wav,2437.57,2439.27,0.7,0.3
145,Trevor.Noah.Son.of.Patricia.2018.WEB.DL.x264.iKA-music.wav,/laughs/laugh_145.wav,2465.33,2466.14,0.7,0.3
146,Trevor.Noah.Son.of.Patricia.2018.WEB.DL.x264.iKA-music.wav,/laughs/laugh_146.wav,2481.26,2483.26,0.7,0.3
147,Trevor.Noah.Son.of.Patricia.2018.WEB.DL.x264.iKA-music.wav,/laughs/laugh_147.wav,2485.95,2486.39,0.7,0.3
148,Trevor.Noah.Son.of.Patricia.2018.WEB.DL.x264.iKA-music.wav,/laughs/laugh_148.wav,2505.44,2505.86,0.7,0.3
149,Trevor.Noah.Son.of.Patricia.2018.WEB.DL.x264.iKA-music.wav,/laughs/laugh_149.wav,2540.96,2542.38,0.7,0.3
150,Trevor.Noah.Son.of.Patricia.2018.WEB.DL.x264.iKA-music.wav,/laughs/laugh_150.wav,2544.38,2545.01,0.7,0.3
151,Trevor.Noah.Son.of.Patricia.2018.WEB.DL.x264.iKA-music.wav,/laughs/laugh_151.wav,2545.85,2547.42,0.7,0.3
152,Trevor.Noah.Son.of.Patricia.2018.WEB.DL.x264.iKA-music.wav,/laughs/laugh_152.wav,2577.01,2578.38,0.7,0.3
153,Trevor.Noah.Son.of.Patricia.2018.WEB.DL.x264.iKA-music.wav,/laughs/laugh_153.wav,2580.79,2582.57,0.7,0.3
154,Trevor.Noah.Son.of.Patricia.2018.WEB.DL.x264.iKA-music.wav,/laughs/laugh_154.wav,2588.53,2589.25,0.7,0.3
155,Trevor.Noah.Son.of.Patricia.2018.WEB.DL.x264.iKA-music.wav,/laughs/laugh_155.wav,2591.86,2592.28,0.7,0.3
156,Trevor.Noah.Son.of.Patricia.2018.WEB.DL.x264.iKA-music.wav,/laughs/laugh_156.wav,2592.62,2593.3,0.7,0.3
157,Trevor.Noah.Son.of.Patricia.2018.WEB.DL.x264.iKA-music.wav,/laughs/laugh_157.wav,2603.23,2603.68,0.7,0.3
158,Trevor.Noah.Son.of.Patricia.2018.WEB.DL.x264.iKA-music.wav,/laughs/laugh_158.wav,2625.11,2625.48,0.7,0.3
159,Trevor.Noah.Son.of.Patricia.2018.WEB.DL.x264.iKA-music.wav,/laughs/laugh_159.wav,2627.91,2628.37,0.7,0.3
160,Trevor.Noah.Son.of.Patricia.2018.WEB.DL.x264.iKA-music.wav,/laughs/laugh_160.wav,2657.07,2657.85,0.7,0.3
161,Trevor.Noah.Son.of.Patricia.2018.WEB.DL.x264.iKA-music.wav,/laughs/laugh_161.wav,2658.74,2660.78,0.7,0.3
162,Trevor.Noah.Son.of.Patricia.2018.WEB.DL.x264.iKA-music.wav,/laughs/laugh_162.wav,2664.31,2665.42,0.7,0.3
163,Trevor.Noah.Son.of.Patricia.2018.WEB.DL.x264.iKA-music.wav,/laughs/laugh_163.wav,2684.2,2684.83,0.7,0.3
164,Trevor.Noah.Son.of.Patricia.2018.WEB.DL.x264.iKA-music.wav,/laughs/laugh_164.wav,2687.15,2691.15,0.7,0.3
165,Trevor.Noah.Son.of.Patricia.2018.WEB.DL.x264.iKA-music.wav,/laughs/laugh_165.wav,2693.21,2695.14,0.7,0.3
166,Trevor.Noah.Son.of.Patricia.2018.WEB.DL.x264.iKA-music.wav,/laughs/laugh_166.wav,2698.32,2701.68,0.7,0.3
167,Trevor.Noah.Son.of.Patricia.2018.WEB.DL.x264.iKA-music.wav,/laughs/laugh_167.wav,2752.37,2753.38,0.7,0.3
168,Trevor.Noah.Son.of.Patricia.2018.WEB.DL.x264.iKA-music.wav,/laughs/laugh_168.wav,2831.61,2832.43,0.7,0.3
169,Trevor.Noah.Son.of.Patricia.2018.WEB.DL.x264.iKA-music.wav,/laughs/laugh_169.wav,2841.69,2842.13,0.7,0.3
170,Trevor.Noah.Son.of.Patricia.2018.WEB.DL.x264.iKA-music.wav,/laughs/laugh_170.wav,2843.52,2844.79,0.7,0.3
171,Trevor.Noah.Son.of.Patricia.2018.WEB.DL.x264.iKA-music.wav,/laughs/laugh_171.wav,2846.98,2847.32,0.7,0.3
172,Trevor.Noah.Son.of.Patricia.2018.WEB.DL.x264.iKA-music.wav,/laughs/laugh_172.wav,2850.35,2851.09,0.7,0.3
173,Trevor.Noah.Son.of.Patricia.2018.WEB.DL.x264.iKA-music.wav,/laughs/laugh_173.wav,2853.3,2854.19,0.7,0.3
174,Trevor.Noah.Son.of.Patricia.2018.WEB.DL.x264.iKA-music.wav,/laughs/laugh_174.wav,2872.8,2873.27,0.7,0.3
175,Trevor.Noah.Son.of.Patricia.2018.WEB.DL.x264.iKA-music.wav,/laughs/laugh_175.wav,2905.17,2905.79,0.7,0.3
176,Trevor.Noah.Son.of.Patricia.2018.WEB.DL.x264.iKA-music.wav,/laughs/laugh_176.wav,2925.96,2926.96,0.7,0.3
177,Trevor.Noah.Son.of.Patricia.2018.WEB.DL.x264.iKA-music.wav,/laughs/laugh_177.wav,2928.89,2929.42,0.7,0.3
178,Trevor.Noah.Son.of.Patricia.2018.WEB.DL.x264.iKA-music.wav,/laughs/laugh_178.wav,2934.24,2935.61,0.7,0.3
179,Trevor.Noah.Son.of.Patricia.2018.WEB.DL.x264.iKA-music.wav,/laughs/laugh_179.wav,3001.38,3002.72,0.7,0.3
180,Trevor.Noah.Son.of.Patricia.2018.WEB.DL.x264.iKA-music.wav,/laughs/laugh_180.wav,3015.01,3015.37,0.7,0.3
181,Trevor.Noah.Son.of.Patricia.2018.WEB.DL.x264.iKA-music.wav,/laughs/laugh_181.wav,3062.45,3064.32,0.7,0.3
182,Trevor.Noah.Son.of.Patricia.2018.WEB.DL.x264.iKA-music.wav,/laughs/laugh_182.wav,3065.01,3065.75,0.7,0.3
183,Trevor.Noah.Son.of.Patricia.2018.WEB.DL.x264.iKA-music.wav,/laughs/laugh_183.wav,3072.75,3073.49,0.7,0.3
184,Trevor.Noah.Son.of.Patricia.2018.WEB.DL.x264.iKA-music.wav,/laughs/laugh_184.wav,3083.72,3084.31,0.7,0.3
185,Trevor.Noah.Son.of.Patricia.2018.WEB.DL.x264.iKA-music.wav,/laughs/laugh_185.wav,3132.53,3133.43,0.7,0.3
186,Trevor.Noah.Son.of.Patricia.2018.WEB.DL.x264.iKA-music.wav,/laughs/laugh_186.wav,3137.51,3138.6,0.7,0.3
187,Trevor.Noah.Son.of.Patricia.2018.WEB.DL.x264.iKA-music.wav,/laughs/laugh_187.wav,3148.18,3148.87,0.7,0.3
188,Trevor.Noah.Son.of.Patricia.2018.WEB.DL.x264.iKA-music.wav,/laughs/laugh_188.wav,3177.37,3179.41,0.7,0.3
189,Trevor.Noah.Son.of.Patricia.2018.WEB.DL.x264.iKA-music.wav,/laughs/laugh_189.wav,3207.93,3209.08,0.7,0.3
190,Trevor.Noah.Son.of.Patricia.2018.WEB.DL.x264.iKA-music.wav,/laughs/laugh_190.wav,3214.19,3215.36,0.7,0.3
191,Trevor.Noah.Son.of.Patricia.2018.WEB.DL.x264.iKA-music.wav,/laughs/laugh_191.wav,3262.91,3263.6,0.7,0.3
192,Trevor.Noah.Son.of.Patricia.2018.WEB.DL.x264.iKA-music.wav,/laughs/laugh_192.wav,3268.86,3269.64,0.7,0.3
193,Trevor.Noah.Son.of.Patricia.2018.WEB.DL.x264.iKA-music.wav,/laughs/laugh_193.wav,3276.88,3278.2,0.7,0.3
194,Trevor.Noah.Son.of.Patricia.2018.WEB.DL.x264.iKA-music.wav,/laughs/laugh_194.wav,3308.06,3310.93,0.7,0.3
195,Trevor.Noah.Son.of.Patricia.2018.WEB.DL.x264.iKA-music.wav,/laughs/laugh_195.wav,3311.9,3313.52,0.7,0.3
196,Trevor.Noah.Son.of.Patricia.2018.WEB.DL.x264.iKA-music.wav,/laughs/laugh_196.wav,3360.17,3360.96,0.7,0.3
197,Trevor.Noah.Son.of.Patricia.2018.WEB.DL.x264.iKA-music.wav,/laughs/laugh_197.wav,3381.93,3383.72,0.7,0.3
198,Trevor.Noah.Son.of.Patricia.2018.WEB.DL.x264.iKA-music.wav,/laughs/laugh_198.wav,3387.91,3391.96,0.7,0.3
199,Trevor.Noah.Son.of.Patricia.2018.WEB.DL.x264.iKA-music.wav,/laughs/laugh_199.wav,3407.19,3410.44,0.7,0.3
200,Trevor.Noah.Son.of.Patricia.2018.WEB.DL.x264.iKA-music.wav,/laughs/laugh_200.wav,3411.68,3413.43,0.7,0.3
201,Trevor.Noah.Son.of.Patricia.2018.WEB.DL.x264.iKA-music.wav,/laughs/laugh_201.wav,3414.76,3417.4,0.7,0.3
202,Trevor.Noah.Son.of.Patricia.2018.WEB.DL.x264.iKA-music.wav,/laughs/laugh_202.wav,3432.5,3433.95,0.7,0.3
203,Trevor.Noah.Son.of.Patricia.2018.WEB.DL.x264.iKA-music.wav,/laughs/laugh_203.wav,3435.69,3436.51,0.7,0.3
204,Trevor.Noah.Son.of.Patricia.2018.WEB.DL.x264.iKA-music.wav,/laughs/laugh_204.wav,3436.72,3437.67,0.7,0.3
205,Trevor.Noah.Son.of.Patricia.2018.WEB.DL.x264.iKA-music.wav,/laughs/laugh_205.wav,3440.5,3441.48,0.7,0.3
206,Trevor.Noah.Son.of.Patricia.2018.WEB.DL.x264.iKA-music.wav,/laughs/laugh_206.wav,3457.67,3458.64,0.7,0.3
207,Trevor.Noah.Son.of.Patricia.2018.WEB.DL.x264.iKA-music.wav,/laughs/laugh_207.wav,3486.38,3487.78,0.7,0.3
208,Trevor.Noah.Son.of.Patricia.2018.WEB.DL.x264.iKA-music.wav,/laughs/laugh_208.wav,3489.13,3490.11,0.7,0.3
209,Trevor.Noah.Son.of.Patricia.2018.WEB.DL.x264.iKA-music.wav,/laughs/laugh_209.wav,3529.35,3529.93,0.7,0.3
210,Trevor.Noah.Son.of.Patricia.2018.WEB.DL.x264.iKA-music.wav,/laughs/laugh_210.wav,3544.19,3544.73,0.7,0.3
211,Trevor.Noah.Son.of.Patricia.2018.WEB.DL.x264.iKA-music.wav,/laughs/laugh_211.wav,3601.65,3603.32,0.7,0.3
212,Trevor.Noah.Son.of.Patricia.2018.WEB.DL.x264.iKA-music.wav,/laughs/laugh_212.wav,3610.19,3610.9,0.7,0.3
213,Trevor.Noah.Son.of.Patricia.2018.WEB.DL.x264.iKA-music.wav,/laughs/laugh_213.wav,3611.51,3616.41,0.7,0.3
214,Trevor.Noah.Son.of.Patricia.2018.WEB.DL.x264.iKA-music.wav,/laughs/laugh_214.wav,3619.85,3621.01,0.7,0.3
215,Trevor.Noah.Son.of.Patricia.2018.WEB.DL.x264.iKA-music.wav,/laughs/laugh_215.wav,3627.82,3628.32,0.7,0.3
216,Trevor.Noah.Son.of.Patricia.2018.WEB.DL.x264.iKA-music.wav,/laughs/laugh_216.wav,3666.66,3667.15,0.7,0.3
217,Trevor.Noah.Son.of.Patricia.2018.WEB.DL.x264.iKA-music.wav,/laughs/laugh_217.wav,3676.66,3678.2,0.7,0.3
218,Trevor.Noah.Son.of.Patricia.2018.WEB.DL.x264.iKA-music.wav,/laughs/laugh_218.wav,3687.94,3689.1,0.7,0.3
219,Trevor.Noah.Son.of.Patricia.2018.WEB.DL.x264.iKA-music.wav,/laughs/laugh_219.wav,3689.86,3690.95,0.7,0.3
220,Trevor.Noah.Son.of.Patricia.2018.WEB.DL.x264.iKA-music.wav,/laughs/laugh_220.wav,3691.38,3694.29,0.7,0.3
221,Trevor.Noah.Son.of.Patricia.2018.WEB.DL.x264.iKA-music.wav,/laughs/laugh_221.wav,3713.51,3715.38,0.7,0.3
222,Trevor.Noah.Son.of.Patricia.2018.WEB.DL.x264.iKA-music.wav,/laughs/laugh_222.wav,3715.82,3716.45,0.7,0.3
223,Trevor.Noah.Son.of.Patricia.2018.WEB.DL.x264.iKA-music.wav,/laughs/laugh_223.wav,3744.06,3744.93,0.7,0.3
224,Trevor.Noah.Son.of.Patricia.2018.WEB.DL.x264.iKA-music.wav,/laughs/laugh_224.wav,3751.47,3776.38,0.7,0.3
225,Trevor.Noah.Son.of.Patricia.2018.WEB.DL.x264.iKA-music.wav,/laughs/laugh_225.wav,3777.93,3781.3,0.7,0.3
226,Trevor.Noah.Son.of.Patricia.2018.WEB.DL.x264.iKA-music.wav,/laughs/laugh_226.wav,3782.74,3783.51,0.7,0.3
227,Trevor.Noah.Son.of.Patricia.2018.WEB.DL.x264.iKA-music.wav,/laughs/laugh_227.wav,3809.04,3809.93,0.7,0.3
228,Trevor.Noah.Son.of.Patricia.2018.WEB.DL.x264.iKA-music.wav,/laughs/laugh_228.wav,3823.0,3823.31,0.7,0.3
